province,constituency,party,llm_number,kn_number,votes_llm,votes_kn,diff,abs_diff
ชุมพร,3,ไทยก้าวหน้า,28,28,49567,88,49479,49479
ชุมพร,3,ประชาธิปัตย์,27,27,140,49567,-49427,49427
นนทบุรี,3,ประชาชน,46,46,47712,185,47527,47527
นนทบุรี,3,พลังประชารัฐ,43,43,554,47712,-47158,47158
ลำพูน,2,ประชาชน,46,46,137,46716,-46579,46579
ลำพูน,2,ประชาไทย,47,47,46716,232,46484,46484
ปทุมธานี,7,ประชาชน,46,46,43,35826,-35783,35783
ปทุมธานี,7,ประชาไทย,47,47,35826,200,35626,35626
กรุงเทพมหานคร,1,ประชาชน,46,46,42,34215,-34173,34173
กรุงเทพมหานคร,1,ประชาไทย,47,47,34215,66,34149,34149
ชลบุรี,2,ประชาชน,46,46,33,34047,-34014,34014
ชลบุรี,2,ประชาไทย,47,47,34047,96,33951,33951
บึงกาฬ,3,ไทยทรัพย์ทวี,1,1,34041,2560,31481,31481
ปราจีนบุรี,1,ประชาชน,46,46,83,30816,-30733,30733
ปราจีนบุรี,1,ประชาไทย,47,47,30816,136,30680,30680
เชียงใหม่,3,ทางเลือกใหม่,10,10,28772,422,28350,28350
ลำพูน,2,ทางเลือกใหม่,10,10,28211,603,27608,27608
เชียงใหม่,3,เพื่อไทย,9,9,1434,28772,-27338,27338
ลำพูน,2,เพื่อไทย,9,9,982,28211,-27229,27229
ศรีสะเกษ,2,ทางเลือกใหม่,10,10,25212,285,24927,24927
ศรีสะเกษ,2,เพื่อไทย,9,9,431,25212,-24781,24781
เชียงราย,3,เพื่อไทย,9,9,389,24648,-24259,24259
เชียงราย,3,ทางเลือกใหม่,10,10,24648,420,24228,24228
อุดรธานี,5,ทางเลือกใหม่,10,10,24444,218,24226,24226
อุดรธานี,5,เพื่อไทย,9,9,287,24444,-24157,24157
ปทุมธานี,7,พลังธรรมใหม่,38,38,23403,95,23308,23308
ปทุมธานี,7,ภูมิใจไทย,37,37,120,23403,-23283,23283
นครสวรรค์,5,ประชาชน,46,46,23122,255,22867,22867
นครสวรรค์,5,พลังประชารัฐ,43,43,255,23122,-22867,22867
นครราชสีมา,15,เพื่อไทย,9,9,470,23134,-22664,22664
นครราชสีมา,15,ทางเลือกใหม่,10,10,23134,546,22588,22588
ลพบุรี,1,ประชากรไทย,31,31,22112,189,21923,21923
นครสวรรค์,4,ประชาชน,46,46,117,21276,-21159,21159
ชลบุรี,2,พลังธรรมใหม่,38,38,21207,49,21158,21158
ชลบุรี,2,ภูมิใจไทย,37,37,83,21207,-21124,21124
นครสวรรค์,4,ประชาไทย,47,47,21276,171,21105,21105
อำนาจเจริญ,1,เพื่อไทย,9,9,21185,329,20856,20856
อำนาจเจริญ,1,ประชาธิปไตยใหม่,8,8,633,21185,-20552,20552
นครสวรรค์,4,ภูมิใจไทย,37,37,210,20176,-19966,19966
กาฬสินธุ์,4,ประชาไทย,47,47,20091,125,19966,19966
นครสวรรค์,4,พลังธรรมใหม่,38,38,20176,236,19940,19940
กาฬสินธุ์,4,ประชาชน,46,46,382,20091,-19709,19709
ปราจีนบุรี,1,พลังธรรมใหม่,38,38,19725,103,19622,19622
ปราจีนบุรี,1,ภูมิใจไทย,37,37,123,19725,-19602,19602
ชุมพร,3,พลังธรรมใหม่,38,38,19521,60,19461,19461
ชุมพร,3,ภูมิใจไทย,37,37,91,19521,-19430,19430
อุดรธานี,5,ประชาไทย,47,47,18583,98,18485,18485
อุดรธานี,5,ประชาชน,46,46,114,18583,-18469,18469
พัทลุง,3,ภูมิใจไทย,37,37,18046,71,17975,17975
พัทลุง,3,ไทยพร้อม,36,36,148,18046,-17898,17898
อุบลราชธานี,11,ประชาชน,46,46,70,17866,-17796,17796
ศรีสะเกษ,2,ภูมิใจไทย,37,37,177,17903,-17726,17726
อุบลราชธานี,11,ประชาไทย,47,47,17866,162,17704,17704
ศรีสะเกษ,2,พลังธรรมใหม่,38,38,17903,481,17422,17422
นครราชสีมา,10,เพื่อไทย,9,9,541,17715,-17174,17174
อุบลราชธานี,11,ภูมิใจไทย,37,37,204,16830,-16626,16626
นครราชสีมา,13,เศรษฐกิจ,11,11,387,16963,-16576,16576
อุบลราชธานี,11,พลังธรรมใหม่,38,38,16830,300,16530,16530
นครราชสีมา,13,ทางเลือกใหม่,10,10,16963,468,16495,16495
กรุงเทพมหานคร,1,พลังธรรมใหม่,38,38,16471,33,16438,16438
กรุงเทพมหานคร,1,ภูมิใจไทย,37,37,43,16471,-16428,16428
ศรีสะเกษ,2,ประชาชน,46,46,72,16099,-16027,16027
ศรีสะเกษ,2,ประชาไทย,47,47,16099,135,15964,15964
นครราชสีมา,10,ประชาธิปไตยใหม่,8,8,17715,1963,15752,15752
สุโขทัย,4,ทางเลือกใหม่,10,10,15161,236,14925,14925
สุโขทัย,4,เพื่อไทย,9,9,527,15161,-14634,14634
กำแพงเพชร,2,ทางเลือกใหม่,10,10,14578,433,14145,14145
บึงกาฬ,3,รวมไทยสร้างชาติ,6,6,15049,1294,13755,13755
กำแพงเพชร,2,เพื่อไทย,9,9,859,14578,-13719,13719
สุรินทร์,6,ทางเลือกใหม่,10,10,14011,334,13677,13677
สุรินทร์,6,เพื่อไทย,9,9,531,14011,-13480,13480
นครราชสีมา,15,ภูมิใจไทย,37,37,225,13578,-13353,13353
กระบี่,2,ประชาชน,46,46,86,13386,-13300,13300
กระบี่,2,ประชาไทย,47,47,13386,119,13267,13267
นครราชสีมา,15,พลังธรรมใหม่,38,38,13578,388,13190,13190
อุบลราชธานี,11,ทางเลือกใหม่,10,10,13111,394,12717,12717
อุบลราชธานี,11,เพื่อไทย,9,9,558,13111,-12553,12553
ลพบุรี,1,เพื่อไทย,9,9,472,12893,-12421,12421
ลพบุรี,1,ไทยภักดี,29,29,12893,743,12150,12150
กรุงเทพมหานคร,1,ประชาธิปัตย์,27,27,39,11795,-11756,11756
กรุงเทพมหานคร,1,ไทยก้าวหน้า,28,28,11795,45,11750,11750
กำแพงเพชร,2,ไทยก้าวหน้า,28,28,11783,162,11621,11621
กำแพงเพชร,2,ประชาธิปัตย์,27,27,202,11783,-11581,11581
กำแพงเพชร,2,ภูมิใจไทย,37,37,192,11314,-11122,11122
กำแพงเพชร,2,พลังธรรมใหม่,38,38,11314,366,10948,10948
ลพบุรี,1,ภูมิใจไทย,37,37,32064,22112,9952,9952
นครสวรรค์,4,ทางเลือกใหม่,10,10,10320,396,9924,9924
อุดรธานี,5,ภูมิใจไทย,37,37,80,9797,-9717,9717
นครสวรรค์,4,เพื่อไทย,9,9,605,10320,-9715,9715
อุดรธานี,5,พลังธรรมใหม่,38,38,9797,311,9486,9486
ปทุมธานี,7,ทางเลือกใหม่,10,10,9713,431,9282,9282
นครราชสีมา,13,ภูมิใจไทย,37,37,9415,139,9276,9276
ปทุมธานี,7,เพื่อไทย,9,9,438,9713,-9275,9275
นครราชสีมา,13,พลังธรรมใหม่,38,38,264,9415,-9151,9151
ลำพูน,2,ภูมิใจไทย,37,37,359,9141,-8782,8782
ลำพูน,2,พลังธรรมใหม่,38,38,9141,396,8745,8745
ปราจีนบุรี,1,เพื่อไทย,9,9,450,8898,-8448,8448
ปราจีนบุรี,1,ทางเลือกใหม่,10,10,8898,712,8186,8186
กระบี่,2,พลังธรรมใหม่,38,38,8218,38,8180,8180
กระบี่,2,ภูมิใจไทย,37,37,159,8218,-8059,8059
เชียงใหม่,3,ภูมิใจไทย,37,37,77,8119,-8042,8042
กาฬสินธุ์,4,ภูมิใจไทย,37,37,230,8182,-7952,7952
เชียงใหม่,3,พลังธรรมใหม่,38,38,8119,277,7842,7842
กาฬสินธุ์,4,พลังธรรมใหม่,38,38,8182,486,7696,7696
ชลบุรี,2,ประชาธิปัตย์,27,27,32,7294,-7262,7262
ชลบุรี,2,ไทยก้าวหน้า,28,28,7294,69,7225,7225
ลำพูน,2,ประชาธิปัตย์,27,27,230,6787,-6557,6557
ลำพูน,2,ไทยก้าวหน้า,28,28,6787,248,6539,6539
อุบลราชธานี,11,ก้าวอิสระ,22,22,6554,71,6483,6483
กรุงเทพมหานคร,1,ทางเลือกใหม่,10,10,6398,300,6098,6098
กรุงเทพมหานคร,1,เพื่อไทย,9,9,323,6398,-6075,6075
นครราชสีมา,10,ทางเลือกใหม่,10,10,6436,541,5895,5895
นครราชสีมา,10,เศรษฐกิจ,11,11,572,6436,-5864,5864
นครสวรรค์,4,อนาคตไทย,15,15,5452,87,5365,5365
นครสวรรค์,4,ท้องที่ไทย,14,14,574,5452,-4878,4878
ลพบุรี,1,ประชาชาติ,33,33,5012,156,4856,4856
ลพบุรี,1,เศรษฐกิจ,11,11,156,5012,-4856,4856
ศรีสะเกษ,2,เพื่อชาติไทย,2,2,347,4912,-4565,4565
ปทุมธานี,2,คลองไทย,26,26,75,4638,-4563,4563
ปทุมธานี,2,ประชาธิปัตย์,27,27,4638,114,4524,4524
อุบลราชธานี,11,เศรษฐกิจ,11,11,394,4913,-4519,4519
ศรีสะเกษ,2,ใหม่,3,3,4912,495,4417,4417
อุบลราชธานี,11,เสรีรวมไทย,12,12,4913,569,4344,4344
ชลบุรี,2,ทางเลือกใหม่,10,10,4591,402,4189,4189
ชลบุรี,2,เพื่อไทย,9,9,458,4591,-4133,4133
ปราจีนบุรี,1,ไทยก้าวหน้า,28,28,4202,161,4041,4041
สุโขทัย,4,ประชาธิปัตย์,27,27,61,4080,-4019,4019
สุโขทัย,4,ไทยก้าวหน้า,28,28,4080,75,4005,4005
เลย,1,เพื่อไทย,9,9,28641,24641,4000,4000
กาฬสินธุ์,4,พลังประชารัฐ,43,43,763,4720,-3957,3957
อำนาจเจริญ,1,ทางเลือกใหม่,10,10,329,4150,-3821,3821
ปทุมธานี,7,ประชาธิปัตย์,27,27,41,3831,-3790,3790
สุรินทร์,6,เศรษฐกิจ,11,11,334,4099,-3765,3765
นครราชสีมา,13,รวมพลังประชาชน,13,13,296,4030,-3734,3734
ลำพูน,2,เสรีรวมไทย,12,12,4135,420,3715,3715
ปทุมธานี,7,ไทยก้าวหน้า,28,28,3831,133,3698,3698
นครราชสีมา,15,เศรษฐกิจ,11,11,546,4239,-3693,3693
นครราชสีมา,15,เสรีรวมไทย,12,12,4239,548,3691,3691
สุรินทร์,6,เสรีรวมไทย,12,12,4099,413,3686,3686
ปราจีนบุรี,1,เสรีรวมไทย,12,12,4310,658,3652,3652
นครราชสีมา,13,เสรีรวมไทย,12,12,4030,383,3647,3647
กำแพงเพชร,2,มิติใหม่,4,4,3972,361,3611,3611
ปราจีนบุรี,1,เศรษฐกิจ,11,11,712,4310,-3598,3598
ลำพูน,2,เศรษฐกิจ,11,11,603,4135,-3532,3532
นครสวรรค์,4,ประชาธิปัตย์,27,27,98,3619,-3521,3521
ลำพูน,2,พลวัต,7,7,4151,634,3517,3517
บึงกาฬ,3,ใหม่,3,3,4098,628,3470,3470
นครสวรรค์,4,ไทยก้าวหน้า,28,28,3619,157,3462,3462
กำแพงเพชร,2,เสรีรวมไทย,12,12,3843,390,3453,3453
ลำพูน,2,รวมไทยสร้างชาติ,6,6,726,4151,-3425,3425
กำแพงเพชร,2,เศรษฐกิจ,11,11,433,3843,-3410,3410
ลพบุรี,1,แรงงานสร้างชาติ,30,30,3440,169,3271,3271
เชียงใหม่,3,ประชาธิปัตย์,27,27,57,3250,-3193,3193
เชียงใหม่,3,ไทยก้าวหน้า,28,28,3250,82,3168,3168
นครราชสีมา,15,รวมใจไทย,5,5,500,3653,-3153,3153
อำนาจเจริญ,1,เศรษฐกิจ,11,11,4150,1029,3121,3121
เชียงราย,3,พลวัต,7,7,3394,283,3111,3111
ปทุมธานี,7,เศรษฐกิจ,11,11,431,3542,-3111,3111
ปทุมธานี,7,เสรีรวมไทย,12,12,3542,477,3065,3065
นครสวรรค์,4,เศรษฐกิจ,11,11,396,3303,-2907,2907
สุโขทัย,4,รวมใจไทย,5,5,325,3227,-2902,2902
นครสวรรค์,4,เสรีรวมไทย,12,12,3303,430,2873,2873
อุบลราชธานี,11,ประชาธิปัตย์,27,27,120,2921,-2801,2801
อุดรธานี,5,เพื่อชาติไทย,2,2,325,3108,-2783,2783
อุบลราชธานี,11,ไทยก้าวหน้า,28,28,2921,171,2750,2750
ศรีสะเกษ,2,เศรษฐกิจ,11,11,285,2991,-2706,2706
ลพบุรี,1,ไทยทรัพย์ทวี,1,1,2959,346,2613,2613
อุบลราชธานี,11,มิติใหม่,4,4,3089,505,2584,2584
ศรีสะเกษ,2,เสรีรวมไทย,12,12,2991,478,2513,2513
อุดรธานี,5,เศรษฐกิจ,11,11,218,2641,-2423,2423
นครราชสีมา,15,รวมไทยสร้างชาติ,6,6,3653,1234,2419,2419
ปราจีนบุรี,1,พลวัต,7,7,2466,98,2368,2368
เชียงราย,3,รวมไทยสร้างชาติ,6,6,1050,3394,-2344,2344
สุโขทัย,4,เศรษฐกิจ,11,11,236,2554,-2318,2318
นครราชสีมา,15,ประชาธิปัตย์,27,27,87,2391,-2304,2304
นครราชสีมา,13,ประชาธิปัตย์,27,27,2423,119,2304,2304
นครราชสีมา,13,ไทยก้าวหน้า,28,28,127,2403,-2276,2276
นครราชสีมา,15,ไทยก้าวหน้า,28,28,2391,153,2238,2238
อุดรธานี,5,เสรีรวมไทย,12,12,2641,407,2234,2234
สุรินทร์,6,มิติใหม่,4,4,389,2572,-2183,2183
สุโขทัย,4,เสรีรวมไทย,12,12,2554,379,2175,2175
กรุงเทพมหานคร,1,แรงงานสร้างชาติ,30,30,2173,14,2159,2159
กรุงเทพมหานคร,1,ไทยภักดี,29,29,45,2173,-2128,2128
สุโขทัย,4,รวมไทยสร้างชาติ,6,6,3227,1144,2083,2083
สกลนคร,2,ภูมิใจไทย,37,37,12258,10258,2000,2000
ชลบุรี,2,พลวัต,7,7,2049,90,1959,1959
นครราชสีมา,13,ประชาธิปไตยใหม่,8,8,341,2241,-1900,1900
ตราด,1,เพื่อชาติไทย,2,2,3279,1379,1900,1900
ชลบุรี,2,เศรษฐกิจ,11,11,402,2204,-1802,1802
สุรินทร์,6,ใหม่,3,3,2167,389,1778,1778
กรุงเทพมหานคร,1,พลวัต,7,7,1857,103,1754,1754
พังงา,2,ไทยทรัพย์ทวี,1,1,1970,228,1742,1742
พังงา,2,เพื่อชาติไทย,2,2,228,1970,-1742,1742
ชลบุรี,2,เสรีรวมไทย,12,12,2204,470,1734,1734
สุรินทร์,6,เพื่อชาติไทย,2,2,445,2167,-1722,1722
อุดรธานี,5,มิติใหม่,4,4,2199,495,1704,1704
สุรินทร์,6,รวมใจไทย,5,5,2572,872,1700,1700
เชียงใหม่,3,เศรษฐกิจ,11,11,422,2121,-1699,1699
ปราจีนบุรี,1,รวมไทยสร้างชาติ,6,6,796,2466,-1670,1670
กำแพงเพชร,2,พลวัต,7,7,1935,287,1648,1648
กรุงเทพมหานคร,1,รวมไทยสร้างชาติ,6,6,226,1857,-1631,1631
นครสวรรค์,4,พลวัต,7,7,1750,122,1628,1628
ชุมพร,3,เสรีรวมไทย,12,12,1787,165,1622,1622
กำแพงเพชร,2,ใหม่,3,3,2350,3972,-1622,1622
ศรีสะเกษ,2,มิติใหม่,4,4,495,2107,-1612,1612
ปทุมธานี,7,พลวัต,7,7,1818,245,1573,1573
อุบลราชธานี,11,ใหม่,3,3,1552,3089,-1537,1537
เชียงใหม่,3,เสรีรวมไทย,12,12,2121,632,1489,1489
ชุมพร,3,ทางเลือกใหม่,10,10,1866,378,1488,1488
ศรีสะเกษ,2,รวมใจไทย,5,5,2107,634,1473,1473
ชุมพร,3,เศรษฐกิจ,11,11,378,1787,-1409,1409
อุบลราชธานี,11,พลวัต,7,7,1680,294,1386,1386
ปทุมธานี,7,รวมไทยสร้างชาติ,6,6,439,1818,-1379,1379
ลำพูน,2,มิติใหม่,4,4,2037,696,1341,1341
ชลบุรี,2,รวมไทยสร้างชาติ,6,6,722,2049,-1327,1327
เชียงใหม่,3,ประชาธิปไตยใหม่,8,8,153,1434,-1281,1281
ปทุมธานี,7,มิติใหม่,4,4,182,1449,-1267,1267
กำแพงเพชร,2,รวมไทยสร้างชาติ,6,6,678,1935,-1257,1257
ชุมพร,3,พลวัต,7,7,1237,59,1178,1178
ชลบุรี,2,แรงงานสร้างชาติ,30,30,1196,47,1149,1149
ชุมพร,3,ประชาธิปไตยใหม่,8,8,59,1200,-1141,1141
ชลบุรี,2,ไทยภักดี,29,29,69,1196,-1127,1127
อุบลราชธานี,11,เพื่อชาติไทย,2,2,462,1552,-1090,1090
นครราชสีมา,15,พลวัต,7,7,1234,146,1088,1088
เชียงใหม่,3,พลวัต,7,7,1232,153,1079,1079
สุโขทัย,4,พลวัต,7,7,1144,91,1053,1053
ปทุมธานี,7,รวมใจไทย,5,5,1449,439,1010,1010
อุบลราชธานี,11,ไทยก้าวใหม่,49,49,1146,143,1003,1003
กรุงเทพมหานคร,1,เศรษฐกิจ,11,11,300,1292,-992,992
ศรีสะเกษ,2,ประชาธิปัตย์,27,27,53,1038,-985,985
อุบลราชธานี,11,ไทยสร้างไทย,48,48,162,1146,-984,984
กำแพงเพชร,2,เพื่อชาติไทย,2,2,3302,2350,952,952
ศรีสะเกษ,2,ไทยก้าวหน้า,28,28,1038,91,947,947
ชลบุรี,2,มิติใหม่,4,4,1002,62,940,940
ขอนแก่น,10,ใหม่,3,3,1341,409,932,932
อำนาจเจริญ,1,รวมไทยสร้างชาติ,6,6,1029,100,929,929
สุรินทร์,6,พลวัต,7,7,1060,141,919,919
กรุงเทพมหานคร,1,เสรีรวมไทย,12,12,1292,374,918,918
อุดรธานี,5,ใหม่,3,3,3108,2199,909,909
ตราด,1,ใหม่,3,3,1379,473,906,906
นครสวรรค์,4,รวมใจไทย,5,5,351,1208,-857,857
ขอนแก่น,10,เพื่อชาติไทย,2,2,2156,1341,815,815
อุดรธานี,5,ประชาธิปัตย์,27,27,50,853,-803,803
ปราจีนบุรี,1,ไทยภักดี,29,29,160,941,-781,781
ปทุมธานี,2,ไทยภักดี,29,29,837,75,762,762
อุดรธานี,5,ไทยก้าวหน้า,28,28,853,99,754,754
อุดรธานี,5,พลวัต,7,7,844,105,739,739
ปทุมธานี,2,ไทยก้าวหน้า,28,28,114,837,-723,723
กาฬสินธุ์,4,กล้าธรรม,42,42,46,763,-717,717
ชุมพร,3,มิติใหม่,4,4,230,944,-714,714
อุบลราชธานี,11,รวมไทยสร้างชาติ,6,6,981,1680,-699,699
ศรีสะเกษ,2,พลวัต,7,7,792,94,698,698
ลำพูน,2,ท้องที่ไทย,14,14,959,269,690,690
ปราจีนบุรี,1,แรงงานสร้างชาติ,30,30,941,254,687,687
ชุมพร,3,เพื่อไทย,9,9,1200,1866,-666,666
ชลบุรี,2,รวมใจไทย,5,5,62,722,-660,660
กรุงเทพมหานคร,1,ประชาอาสาชาติ,50,50,650,1,649,649
บึงกาฬ,3,รวมใจไทย,5,5,666,1312,-646,646
เชียงราย,3,รวมใจไทย,5,5,420,1050,-630,630
กรุงเทพมหานคร,1,ไทยสร้างไทย,48,48,66,675,-609,609
ปทุมธานี,7,แรงงานสร้างชาติ,30,30,625,41,584,584
ลำพูน,2,เป็นธรรม,45,45,720,137,583,583
นครราชสีมา,15,ท้องที่ไทย,14,14,680,102,578,578
ชลบุรี,2,ใหม่,3,3,430,1002,-572,572
กำแพงเพชร,2,ประชาธิปไตยใหม่,8,8,287,859,-572,572
ชัยภูมิ,1,ท้องที่ไทย,14,14,64,635,-571,571
นครราชสีมา,10,รวมพลังประชาชน,13,13,53,623,-570,570
นครสวรรค์,4,รวมไทยสร้างชาติ,6,6,1208,1750,-542,542
ลำพูน,2,รวมพลังประชาชน,13,13,420,959,-539,539
ศรีสะเกษ,2,ท้องที่ไทย,14,14,592,53,539,539
อำนาจเจริญ,1,พลวัต,7,7,100,633,-533,533
บึงกาฬ,3,มิติใหม่,4,4,697,168,529,529
เชียงใหม่,3,รวมใจไทย,5,5,253,780,-527,527
นครสวรรค์,4,มิติใหม่,4,4,870,351,519,519
นนทบุรี,3,เป็นธรรม,45,45,42,554,-512,512
สงขลา,4,มิติใหม่,4,4,633,127,506,506
ปราจีนบุรี,1,ท้องที่ไทย,14,14,608,105,503,503
สุโขทัย,4,ท้องที่ไทย,14,14,561,68,493,493
ปทุมธานี,7,ไทยภักดี,29,29,133,625,-492,492
พิษณุโลก,4,ท้องที่ไทย,14,14,133,621,-488,488
นครสวรรค์,4,ประชาธิปไตยใหม่,8,8,122,605,-483,483
อุดรธานี,5,ไทยสร้างไทย,48,48,98,578,-480,480
ลำพูน,2,กล้าธรรม,42,42,59,536,-477,477
อุบลราชธานี,11,รวมใจไทย,5,5,505,981,-476,476
ปราจีนบุรี,1,กล้าธรรม,42,42,31,500,-469,469
สงขลา,4,รวมใจไทย,5,5,170,633,-463,463
บึงกาฬ,3,เพื่อชาติไทย,2,2,882,1342,-460,460
นครสวรรค์,4,ประชากรไทย,31,31,210,665,-455,455
เชียงใหม่,3,รวมไทยสร้างชาติ,6,6,780,1232,-452,452
ปทุมธานี,7,ท้องที่ไทย,14,14,476,25,451,451
เชียงใหม่,3,แรงงานสร้างชาติ,30,30,514,63,451,451
เชียงใหม่,3,ใหม่,3,3,699,252,447,447
นนทบุรี,3,ประชาไทย,47,47,185,632,-447,447
ศรีสะเกษ,2,ไทยสร้างไทย,48,48,135,579,-444,444
กาฬสินธุ์,4,ไทยสร้างไทย,48,48,125,565,-440,440
สุโขทัย,4,ประชาธิปไตยใหม่,8,8,91,527,-436,436
อุบลราชธานี,11,ท้องที่ไทย,14,14,506,72,434,434
เชียงใหม่,3,ไทยภักดี,29,29,82,514,-432,432
นครสวรรค์,4,ครูไทยเพื่อประชาชน,32,32,665,233,432,432
ศรีสะเกษ,2,กรีน,39,39,481,61,420,420
ชุมพร,3,แรงงานสร้างชาติ,30,30,468,50,418,418
ชุมพร,3,รวมไทยสร้างชาติ,6,6,819,1237,-418,418
สมุทรปราการ,4,ใหม่,3,3,556,144,412,412
สมุทรปราการ,4,เพื่อชาติไทย,2,2,146,556,-410,410
เชียงใหม่,3,ท้องที่ไทย,14,14,494,85,409,409
ปทุมธานี,7,เพื่อชาติไทย,2,2,99,505,-406,406
พิษณุโลก,4,รวมพลังประชาชน,13,13,536,133,403,403
สกลนคร,7,ประชาชาติ,33,33,152,552,-400,400
กาฬสินธุ์,4,กรีน,39,39,486,89,397,397
อุดรธานี,5,ไทยก้าวใหม่,49,49,578,184,394,394
ศรีสะเกษ,2,ไทยก้าวใหม่,49,49,579,188,391,391
สุรินทร์,6,ประชาธิปไตยใหม่,8,8,141,531,-390,390
กำแพงเพชร,2,ท้องที่ไทย,14,14,693,309,384,384
ชลบุรี,2,พลังประชารัฐ,43,43,67,451,-384,384
ชุมพร,3,ไทยภักดี,29,29,88,468,-380,380
กาฬสินธุ์,4,ไทยก้าวใหม่,49,49,565,195,370,370
อุดรธานี,5,ท้องที่ไทย,14,14,412,43,369,369
ชลบุรี,2,ประชาธิปไตยใหม่,8,8,90,458,-368,368
อุบลราชธานี,7,ประชาชน,46,46,14844,14484,360,360
สุโขทัย,3,ฟิวชัน,20,20,32,391,-359,359
ปราจีนบุรี,1,ประชาธิปไตยใหม่,8,8,98,450,-352,352
ลำพูน,2,ประชาธิปไตยใหม่,8,8,634,982,-348,348
กำแพงเพชร,2,ไทยภักดี,29,29,162,510,-348,348
ลำพูน,2,พลังสังคมใหม่,18,18,424,79,345,345
ศรีสะเกษ,2,ประชาธิปไตยใหม่,8,8,94,431,-337,337
ลำพูน,2,กรีน,39,39,396,67,329,329
ศรีสะเกษ,2,ประชากรไทย,31,31,102,428,-326,326
นครราชสีมา,15,ประชาธิปไตยใหม่,8,8,146,470,-324,324
ปทุมธานี,7,ใหม่,3,3,505,182,323,323
กาฬสินธุ์,4,เป็นธรรม,45,45,64,382,-318,318
กำแพงเพชร,2,รวมใจไทย,5,5,361,678,-317,317
นครราชสีมา,13,ท้องที่ไทย,14,14,606,296,310,310
อุดรธานี,5,รวมไทยสร้างชาติ,6,6,537,844,-307,307
นครราชสีมา,13,ไทยภักดี,29,29,431,127,304,304
กำแพงเพชร,2,รวมพลังประชาชน,13,13,390,693,-303,303
ขอนแก่น,10,มิติใหม่,4,4,409,108,301,301
สุราษฎร์ธานี,4,ประชากรไทย,31,31,75,375,-300,300
สุโขทัย,4,ไทยภักดี,29,29,75,375,-300,300
สุรินทร์,6,ท้องที่ไทย,14,14,387,89,298,298
นครราชสีมา,13,แรงงานสร้างชาติ,30,30,133,431,-298,298
ปทุมธานี,7,ประชาอาสาชาติ,50,50,296,7,289,289
อุดรธานี,5,กรีน,39,39,311,28,283,283
สุโขทัย,4,แรงงานสร้างชาติ,30,30,375,94,281,281
ลำพูน,2,ใหม่,3,3,1758,2037,-279,279
เชียงใหม่,3,เพื่อชาติไทย,2,2,427,699,-272,272
ชลบุรี,2,ท้องที่ไทย,14,14,289,20,269,269
อุบลราชธานี,11,ประชาธิปไตยใหม่,8,8,294,558,-264,264
กำแพงเพชร,2,กรีน,39,39,366,103,263,263
ปราจีนบุรี,1,ประชาอาสาชาติ,50,50,276,13,263,263
อุบลราชธานี,11,เพื่อชีวิตใหม่,25,25,317,57,260,260
นครสวรรค์,4,กล้าธรรม,42,42,41,301,-260,260
ชลบุรี,2,ประชาอาสาชาติ,50,50,255,1,254,254
ปราจีนบุรี,1,ไทยสร้างไทย,48,48,136,389,-253,253
ศรีสะเกษ,2,ครูไทยเพื่อประชาชน,32,32,428,177,251,251
ลำพูน,2,พลังเพื่อไทย,16,16,146,394,-248,248
เชียงใหม่,3,กรีน,39,39,277,32,245,245
น่าน,3,ไทยก้าวใหม่,49,49,688,444,244,244
น่าน,3,ไทยสร้างไทย,48,48,444,688,-244,244
นครสวรรค์,4,ไทยภักดี,29,29,157,399,-242,242
ชลบุรี,2,เพื่อชาติไทย,2,2,188,430,-242,242
อุบลราชธานี,11,กรีน,39,39,300,58,242,242
ชลบุรี,2,ไทยสร้างไทย,48,48,96,330,-234,234
ชัยภูมิ,1,พลังสังคมใหม่,18,18,20,251,-231,231
กรุงเทพมหานคร,1,ประชาธิปไตยใหม่,8,8,103,323,-220,220
ปทุมธานี,7,กล้าธรรม,42,42,17,235,-218,218
กำแพงเพชร,2,พลังสังคมใหม่,18,18,263,46,217,217
กำแพงเพชร,2,อนาคตไทย,15,15,309,93,216,216
กรุงเทพมหานคร,1,รวมพลังประชาชน,13,13,374,160,214,214
ศรีสะเกษ,2,ก้าวอิสระ,22,22,237,26,211,211
ลำพูน,2,ประชาอาสาชาติ,50,50,234,28,206,206
ศรีสะเกษ,2,พลังเพื่อไทย,16,16,60,263,-203,203
ปทุมธานี,7,ประชาธิปไตยใหม่,8,8,245,438,-193,193
กรุงเทพมหานคร,1,รวมใจไทย,5,5,35,226,-191,191
ขอนแก่น,3,ประชาไทย,47,47,111,301,-190,190
นครสวรรค์,4,แรงงานสร้างชาติ,30,30,399,210,189,189
สุรินทร์,6,รวมไทยสร้างชาติ,6,6,872,1060,-188,188
อุบลราชธานี,11,พลังเพื่อไทย,16,16,85,272,-187,187
กาฬสินธุ์,4,ประชาอาสาชาติ,50,50,195,8,187,187
กำแพงเพชร,2,ประชากรไทย,31,31,438,253,185,185
นครสวรรค์,4,กรีน,39,39,236,52,184,184
สุโขทัย,4,รวมพลังประชาชน,13,13,379,561,-182,182
นครราชสีมา,15,สร้างอนาคตไทย,34,34,117,299,-182,182
อุดรธานี,5,ประชาธิปไตยใหม่,8,8,105,287,-182,182
ชลบุรี,2,รวมพลังประชาชน,13,13,470,289,181,181
นนทบุรี,6,รวมใจไทย,5,5,2245,2425,-180,180
นครสวรรค์,4,พลังเพื่อไทย,16,16,87,267,-180,180
อุดรธานี,5,ประชาอาสาชาติ,50,50,184,6,178,178
ชุมพร,3,รักชาติ,35,35,251,74,177,177
นครราชสีมา,15,ไทยภักดี,29,29,153,328,-175,175
บึงกาฬ,3,พลวัต,7,7,287,113,174,174
ศรีสะเกษ,2,ประชาอาสาชาติ,50,50,188,15,173,173
อุบลราชธานี,11,แรงงานสร้างชาติ,30,30,307,134,173,173
กระบี่,2,กล้าธรรม,42,42,18,188,-170,170
นครสวรรค์,4,ไทยก้าวใหม่,49,49,294,126,168,168
นครราชสีมา,10,อนาคตไทย,15,15,305,139,166,166
ศรีสะเกษ,2,กล้าธรรม,42,42,26,192,-166,166
นครสวรรค์,4,พลังสังคมใหม่,18,18,193,28,165,165
นครราชสีมา,13,ไทยชนะ,17,17,260,97,163,163
อุดรธานี,5,แรงงานสร้างชาติ,30,30,231,70,161,161
ลำพูน,2,พลังประชารัฐ,43,43,536,375,161,161
ตราด,1,มิติใหม่,4,4,473,312,161,161
สุโขทัย,4,พลังเพื่อไทย,16,16,68,228,-160,160
กำแพงเพชร,2,คลองไทย,26,26,44,202,-158,158
ศรีสะเกษ,2,รวมไทยสร้างชาติ,6,6,634,792,-158,158
อุดรธานี,5,กล้าธรรม,42,42,17,174,-157,157
กระบี่,2,ประชาอาสาชาติ,50,50,168,11,157,157
อุบลราชธานี,11,พลังสังคมใหม่,18,18,185,30,155,155
สุโขทัย,4,ประชากรไทย,31,31,94,248,-154,154
นครราชสีมา,15,รักชาติ,35,35,299,146,153,153
กรุงเทพมหานคร,1,ท้องที่ไทย,14,14,160,7,153,153
กำแพงเพชร,2,พลังเพื่อไทย,16,16,93,246,-153,153
กำแพงเพชร,2,ประชาชาติ,33,33,368,216,152,152
นครราชสีมา,15,เพื่อชีวิตใหม่,25,25,186,34,152,152
อุดรธานี,5,ประชากรไทย,31,31,70,221,-151,151
อุบลราชธานี,11,ประชากรไทย,31,31,134,284,-150,150
นครราชสีมา,15,ครูไทยเพื่อประชาชน,32,32,323,174,149,149
นครราชสีมา,15,พลังเพื่อไทย,16,16,145,292,-147,147
ศรีสะเกษ,2,ไทยชนะ,17,17,263,118,145,145
ชุมพร,3,ท้องที่ไทย,14,14,189,45,144,144
นครสวรรค์,4,รวมพลังประชาชน,13,13,430,574,-144,144
สุโขทัย,4,พลังสังคมใหม่,18,18,168,25,143,143
ลำพูน,2,คลองไทย,26,26,88,230,-142,142
นครราชสีมา,13,สังคมประชาธิปไตยไทย,19,19,35,177,-142,142
ปราจีนบุรี,1,พลังประชารัฐ,43,43,500,358,142,142
ปทุมธานี,7,ไทยสร้างไทย,48,48,200,341,-141,141
ศรีสะเกษ,2,รักชาติ,35,35,239,100,139,139
นครราชสีมา,15,พลังสังคมใหม่,18,18,179,40,139,139
เชียงใหม่,3,พลังเพื่อไทย,16,16,66,204,-138,138
เชียงใหม่,3,รวมพลังประชาชน,13,13,632,494,138,138
กำแพงเพชร,2,เพื่อชีวิตใหม่,25,25,181,44,137,137
อุบลราชธานี,11,ไทยภักดี,29,29,171,307,-136,136
นครราชสีมา,10,ไทยชนะ,17,17,43,179,-136,136
อุดรธานี,5,ไทยภักดี,29,29,99,231,-132,132
สุรินทร์,6,พลังเพื่อไทย,16,16,80,212,-132,132
นครราชสีมา,15,รวมพลังประชาชน,13,13,548,680,-132,132
สุโขทัย,4,สร้างอนาคตไทย,34,34,125,257,-132,132
ชุมพร,3,ใหม่,3,3,359,230,129,129
ปราจีนบุรี,1,ครูไทยเพื่อประชาชน,32,32,220,91,129,129
นครราชสีมา,13,เพื่อไทย,9,9,468,341,127,127
กรุงเทพมหานคร,1,รักชาติ,35,35,17,144,-127,127
ลพบุรี,1,ใหม่,3,3,346,472,-126,126
นครราชสีมา,13,สร้างอนาคตไทย,34,34,254,128,126,126
นครราชสีมา,10,พลังเพื่อไทย,16,16,179,305,-126,126
ชุมพร,3,รวมใจไทย,5,5,944,819,125,125
อุดรธานี,5,พลังเพื่อไทย,16,16,62,187,-125,125
ชลบุรี,2,สังคมประชาธิปไตยไทย,19,19,11,136,-125,125
ชลบุรี,2,ฟิวชัน,20,20,136,11,125,125
ลำพูน,2,ไทยภักดี,29,29,248,372,-124,124
ลำพูน,2,อนาคตไทย,15,15,269,146,123,123
อุบลราชธานี,11,กล้าธรรม,42,42,34,157,-123,123
นครสวรรค์,4,ไทยสร้างไทย,48,48,171,294,-123,123
กรุงเทพมหานคร,21,สร้างอนาคตไทย,34,34,166,46,120,120
สุรินทร์,6,พลังสังคมใหม่,18,18,155,37,118,118
นครสวรรค์,4,ประชาอาสาชาติ,50,50,126,9,117,117
สุโขทัย,4,ครูไทยเพื่อประชาชน,32,32,248,131,117,117
กำแพงเพชร,2,ครูไทยเพื่อประชาชน,32,32,253,368,-115,115
ศรีสะเกษ,2,รวมพลังประชาชน,13,13,478,592,-114,114
ลำพูน,2,รักชาติ,35,35,193,306,-113,113
นครราชสีมา,15,ไทยชนะ,17,17,292,179,113,113
ปราจีนบุรี,1,ไทยก้าวใหม่,49,49,389,276,113,113
ชุมพร,3,สร้างอนาคตไทย,34,34,140,251,-111,111
ศรีสะเกษ,2,ประชาชาติ,33,33,177,287,-110,110
ปราจีนบุรี,1,พลังสังคมใหม่,18,18,138,28,110,110
ลำพูน,2,ไทยสร้างไทย,48,48,232,341,-109,109
ลำพูน,2,ไทยก้าวใหม่,49,49,341,234,107,107
เชียงราย,3,ประชาธิปไตยใหม่,8,8,283,389,-106,106
กรุงเทพมหานคร,1,กล้าธรรม,42,42,8,114,-106,106
เชียงใหม่,3,ไทยชนะ,17,17,204,99,105,105
กระบี่,2,ไทยก้าวใหม่,49,49,63,168,-105,105
ศรีสะเกษ,2,ไทยภักดี,29,29,91,196,-105,105
ลำพูน,2,เพื่อชาติไทย,2,2,1654,1758,-104,104
นครราชสีมา,15,แรงงานสร้างชาติ,30,30,328,224,104,104
ปราจีนบุรี,1,แผ่นดินธรรม,41,41,134,31,103,103
กรุงเทพมหานคร,1,ไทยพร้อม,36,36,144,43,101,101
พะเยา,2,ประชาธิปัตย์,27,27,887,987,-100,100
กำแพงเพชร,2,ประชาชน,46,46,27424,27524,-100,100
พิจิตร,1,รวมไทยสร้างชาติ,6,6,6110,6210,-100,100
เพชรบูรณ์,3,ประชาธิปัตย์,27,27,7457,7557,-100,100
พะเยา,2,เสรีรวมไทย,12,12,105,205,-100,100
สกลนคร,4,ประชาชาติ,33,33,123,223,-100,100
ฉะเชิงเทรา,2,เพื่อไทย,9,9,17413,17513,-100,100
ระยอง,3,ประชาธิปัตย์,27,27,17500,17400,100,100
สุรินทร์,3,เพื่อไทย,9,9,17479,17579,-100,100
ปทุมธานี,2,เพื่อไทย,9,9,17463,17563,-100,100
กำแพงเพชร,1,พลังธรรมใหม่,38,38,149,249,-100,100
อุดรธานี,5,ประชาชาติ,33,33,178,79,99,99
นครราชสีมา,15,ประชากรไทย,31,31,224,323,-99,99
นครราชสีมา,13,รักชาติ,35,35,157,254,-97,97
ชุมพร,3,ประชาชาติ,33,33,45,140,-95,95
อุดรธานี,5,ไทยชนะ,17,17,187,93,94,94
ศรีสะเกษ,2,แรงงานสร้างชาติ,30,30,196,102,94,94
ศรีสะเกษ,2,พลังสังคมใหม่,18,18,118,25,93,93
กรุงเทพมหานคร,1,ใหม่,3,3,130,37,93,93
ลำพูน,2,แรงงานสร้างชาติ,30,30,372,280,92,92
ศรีสะเกษ,6,ฟิวชัน,20,20,125,33,92,92
ปทุมธานี,7,พลังประชารัฐ,43,43,235,145,90,90
นครราชสีมา,13,คลองไทย,26,26,119,30,89,89
ลำพูน,2,ประชาชาติ,33,33,272,185,87,87
อุบลราชธานี,11,ไทยชนะ,17,17,272,185,87,87
นครราชสีมา,10,ท้องที่ไทย,14,14,139,53,86,86
ชัยภูมิ,1,ไทยชนะ,17,17,105,20,85,85
พิษณุโลก,4,ประชาธิปไตยใหม่,8,8,621,536,85,85
ศรีสะเกษ,2,พลังประชารัฐ,43,43,192,107,85,85
ชุมพร,3,พลังสังคมใหม่,18,18,104,20,84,84
ปราจีนบุรี,1,พลังเพื่อไทย,16,16,86,169,-83,83
นครราชสีมา,13,พลังสังคมใหม่,18,18,177,260,-83,83
ชุมพร,3,ฟิวชัน,20,20,96,14,82,82
อุดรธานี,5,พลังสังคมใหม่,18,18,93,11,82,82
เชียงใหม่,3,ปวงชนไทย,23,23,101,21,80,80
เชียงใหม่,3,พลังสังคมใหม่,18,18,99,20,79,79
นครราชสีมา,15,ไทยพร้อม,36,36,146,225,-79,79
ลำพูน,2,เพื่อชีวิตใหม่,25,25,167,88,79,79
อุบลราชธานี,11,ประชาอาสาชาติ,50,50,143,64,79,79
ศรีสะเกษ,2,ไทยพร้อม,36,36,100,177,-77,77
ปราจีนบุรี,1,ไทยธรรม,40,40,57,134,-77,77
สุรินทร์,6,ก้าวอิสระ,22,22,115,38,77,77
ชุมพร,3,สังคมประชาธิปไตยไทย,19,19,20,96,-76,76
อุบลราชธานี,11,แผ่นดินธรรม,41,41,110,34,76,76
ชลบุรี,2,ไทยก้าวใหม่,49,49,330,255,75,75
นครสวรรค์,4,ไทยชนะ,17,17,267,193,74,74
เชียงใหม่,3,ก้าวอิสระ,22,22,28,101,-73,73
กำแพงเพชร,2,แรงงานสร้างชาติ,30,30,510,438,72,72
อุดรธานี,5,เป็นธรรม,45,45,42,114,-72,72
อุดรธานี,5,พลังประชารัฐ,43,43,174,104,70,70
กรุงเทพมหานคร,1,ไทยธรรม,40,40,79,11,68,68
นครสวรรค์,4,ประชาชาติ,33,33,233,168,65,65
กรุงเทพมหานคร,1,เพื่อชาติไทย,2,2,66,130,-64,64
พัทลุง,3,สร้างอนาคตไทย,34,34,74,138,-64,64
นครสวรรค์,4,เป็นธรรม,45,45,53,117,-64,64
ปทุมธานี,7,พลังสังคมใหม่,18,18,80,17,63,63
อุบลราชธานี,11,รวมพลังประชาชน,13,13,569,506,63,63
อุบลราชธานี,11,คลองไทย,26,26,57,120,-63,63
อุบลราชธานี,11,ไทยพร้อม,36,36,142,204,-62,62
อุดรธานี,5,ปวงชนไทย,23,23,16,78,-62,62
สุโขทัย,4,รักชาติ,35,35,257,195,62,62
สุโขทัย,4,ไทยชนะ,17,17,228,168,60,60
นครสวรรค์,4,แผ่นดินธรรม,41,41,100,41,59,59
สมุทรปราการ,4,มิติใหม่,4,4,144,85,59,59
ปทุมธานี,7,ประชาชาติ,33,33,69,128,-59,59
นครสวรรค์,4,คลองไทย,26,26,40,98,-58,58
กรุงเทพมหานคร,1,เป็นธรรม,45,45,100,42,58,58
นครสวรรค์,4,ปวงชนไทย,23,23,34,91,-57,57
สุรินทร์,6,ไทยชนะ,17,17,212,155,57,57
นครสวรรค์,4,เพื่อชีวิตใหม่,25,25,97,40,57,57
ชลบุรี,2,กล้าธรรม,42,42,10,67,-57,57
นครราชสีมา,15,ประชาชาติ,33,33,174,117,57,57
นครสวรรค์,4,พลังประชารัฐ,43,43,301,245,56,56
กระบี่,2,ไทยสร้างไทย,48,48,119,63,56,56
ปราจีนบุรี,1,ประชาชาติ,33,33,91,147,-56,56
กำแพงเพชร,2,ไทยพร้อม,36,36,137,192,-55,55
นครราชสีมา,13,อนาคตไทย,15,15,52,106,-54,54
ลำพูน,2,ไทยพร้อม,36,36,306,359,-53,53
นครราชสีมา,15,คลองไทย,26,26,34,87,-53,53
อุบลราชธานี,11,ประชาชาติ,33,33,255,202,53,53
อุบลราชธานี,11,ไทยธรรม,40,40,58,110,-52,52
นครราชสีมา,10,เสรีรวมไทย,12,12,623,572,51,51
อุบลราชธานี,11,สร้างอนาคตไทย,34,34,202,151,51,51
ปทุมธานี,7,พลังเพื่อไทย,16,16,68,119,-51,51
นครสวรรค์,2,ภูมิใจไทย,37,37,28593,28543,50,50
ชุมพร,3,ไทยชนะ,17,17,54,104,-50,50
เชียงใหม่,3,เพื่อชีวิตใหม่,25,25,87,37,50,50
ปราจีนบุรี,1,รวมพลังประชาชน,13,13,658,608,50,50
เชียงใหม่,3,ครูไทยเพื่อประชาชน,32,32,109,59,50,50
อุดรธานี,5,เพื่อชีวิตใหม่,25,25,57,8,49,49
นครราชสีมา,13,ครูไทยเพื่อประชาชน,32,32,99,147,-48,48
ชลบุรี,2,พลังสังคมใหม่,18,18,59,11,48,48
ศรีสะเกษ,2,สร้างอนาคตไทย,34,34,287,239,48,48
นครสวรรค์,4,ไทยธรรม,40,40,52,100,-48,48
ปราจีนบุรี,1,กรีน,39,39,103,57,46,46
ระยอง,1,ไทยสร้างไทย,48,48,267,313,-46,46
เชียงใหม่,3,ประชากรไทย,31,31,63,109,-46,46
กรุงเทพมหานคร,1,กรีน,39,39,33,79,-46,46
นครราชสีมา,13,พลังเพื่อไทย,16,16,97,52,45,45
กรุงเทพมหานคร,11,พลังธรรมใหม่,38,38,48,93,-45,45
กรุงเทพมหานคร,1,พลังประชารัฐ,43,43,114,69,45,45
ปทุมธานี,7,ไทยก้าวใหม่,49,49,341,296,45,45
ปทุมธานี,7,ประชากรไทย,31,31,41,86,-45,45
ปราจีนบุรี,1,คลองไทย,26,26,99,55,44,44
ศรีสะเกษ,2,แผ่นดินธรรม,41,41,70,26,44,44
อุบลราชธานี,11,ปวงชนไทย,23,23,71,115,-44,44
อุดรธานี,5,ครูไทยเพื่อประชาชน,32,32,221,178,43,43
ปทุมธานี,7,อนาคตไทย,15,15,25,68,-43,43
นครราชสีมา,15,อนาคตไทย,15,15,102,145,-43,43
อุดรธานี,5,รวมใจไทย,5,5,495,537,-42,42
กำแพงเพชร,2,ปวงชนไทย,23,23,68,110,-42,42
อุดรธานี,5,คลองไทย,26,26,8,50,-42,42
ปราจีนบุรี,1,เพื่อชีวิตใหม่,25,25,58,99,-41,41
ศรีสะเกษ,2,เป็นธรรม,45,45,31,72,-41,41
กาฬสินธุ์,4,แผ่นดินธรรม,41,41,87,46,41,41
ชุมพร,3,คลองไทย,26,26,100,140,-40,40
อุดรธานี,8,รักชาติ,35,35,285,245,40,40
กำแพงเพชร,2,รักชาติ,35,35,177,137,40,40
สุราษฎร์ธานี,4,ประชาธิปัตย์,27,27,57683,57643,40,40
กรุงเทพมหานคร,3,ทางเลือกใหม่,10,10,286,246,40,40
ชลบุรี,2,ประชาชาติ,33,33,36,75,-39,39
ปทุมธานี,7,ไทยชนะ,17,17,119,80,39,39
กำแพงเพชร,2,สร้างอนาคตไทย,34,34,216,177,39,39
สุโขทัย,4,เพื่อชีวิตใหม่,25,25,70,32,38,38
ปทุมธานี,7,รักชาติ,35,35,133,95,38,38
ชัยภูมิ,1,อนาคตไทย,15,15,101,64,37,37
กรุงเทพมหานคร,1,พลังสังคมใหม่,18,18,47,10,37,37
กระบี่,2,พลังประชารัฐ,43,43,188,151,37,37
อุบลราชธานี,11,เป็นธรรม,45,45,34,70,-36,36
กรุงเทพมหานคร,1,ปวงชนไทย,23,23,8,43,-35,35
กาฬสินธุ์,4,เครือข่ายชาวนาแห่งประเทศไทย,52,52,56,21,35,35
ปทุมธานี,7,กรีน,39,39,95,61,34,34
ลำพูน,2,ฟิวชัน,20,20,76,110,-34,34
ปราจีนบุรี,1,ประชากรไทย,31,31,254,220,34,34
ปทุมธานี,7,ไทยธรรม,40,40,61,28,33,33
อุดรธานี,5,แผ่นดินธรรม,41,41,50,17,33,33
กระบี่,2,เป็นธรรม,45,45,53,86,-33,33
กรุงเทพมหานคร,1,คลองไทย,26,26,7,39,-32,32
ปราจีนบุรี,1,เครือข่ายชาวนาแห่งประเทศไทย,52,52,75,43,32,32
สุโขทัย,4,ไทยพร้อม,36,36,195,163,32,32
ศรีสะเกษ,2,คลองไทย,26,26,22,53,-31,31
ปราจีนบุรี,1,ไทยชนะ,17,17,169,138,31,31
ปราจีนบุรี,1,ก้าวอิสระ,22,22,71,40,31,31
อุดรธานี,5,รักชาติ,35,35,93,62,31,31
ลำพูน,2,รวมใจไทย,5,5,696,726,-30,30
ลำพูน,2,ไทยชนะ,17,17,394,424,-30,30
ชุมพร,3,ปวงชนไทย,23,23,18,48,-30,30
เชียงใหม่,3,ประชาชาติ,33,33,59,88,-29,29
นครราชสีมา,13,ประชาชาติ,33,33,128,99,29,29
อุบลราชธานี,11,ครูไทยเพื่อประชาชน,32,32,284,255,29,29
ชลบุรี,2,พลังเพื่อไทย,16,16,34,63,-29,29
สุโขทัย,4,คลองไทย,26,26,32,61,-29,29
นครสวรรค์,4,เครือข่ายชาวนาแห่งประเทศไทย,52,52,55,26,29,29
ปทุมธานี,7,คลองไทย,26,26,13,41,-28,28
นครราชสีมา,13,เพื่อชีวิตใหม่,25,25,30,58,-28,28
ศรีสะเกษ,2,ปวงชนไทย,23,23,26,54,-28,28
สุรินทร์,6,ฟิวชัน,20,20,49,21,28,28
นครราชสีมา,13,ปวงชนไทย,23,23,26,54,-28,28
ชุมพร,3,ครูไทยเพื่อประชาชน,32,32,72,45,27,27
นครสวรรค์,4,สร้างอนาคตไทย,34,34,168,195,-27,27
กรุงเทพมหานคร,1,ประชากรไทย,31,31,14,40,-26,26
สกลนคร,6,เพื่อชีวิตใหม่,25,25,19,45,-26,26
ศรีสะเกษ,2,เพื่อชีวิตใหม่,25,25,48,22,26,26
สกลนคร,6,คลองไทย,26,26,45,19,26,26
ชุมพร,3,ก้าวอิสระ,22,22,44,18,26,26
สุรินทร์,6,รวมพลังประชาชน,13,13,413,387,26,26
ลำพูน,2,แผ่นดินธรรม,41,41,84,59,25,25
ปทุมธานี,7,เพื่อชีวิตใหม่,25,25,38,13,25,25
ปทุมธานี,7,ไทยพร้อม,36,36,95,120,-25,25
กรุงเทพมหานคร,1,ไทยก้าวใหม่,49,49,675,650,25,25
สุโขทัย,3,พลังสังคมใหม่,18,18,18,43,-25,25
อุบลราชธานี,11,สังคมประชาธิปไตยไทย,19,19,30,54,-24,24
ปราจีนบุรี,1,ไทยรวมพลัง,21,23,47,71,-24,24
ชุมพร,3,รวมพลังประชาชน,13,13,165,189,-24,24
อุดรธานี,5,เครือข่ายชาวนาแห่งประเทศไทย,52,52,39,16,23,23
อุบลราชธานี,11,เครือข่ายชาวนาแห่งประเทศไทย,52,52,43,20,23,23
ปทุมธานี,7,ก้าวอิสระ,22,22,45,23,22,22
กรุงเทพมหานคร,1,อนาคตไทย,15,15,7,29,-22,22
อุดรธานี,5,ไทยธรรม,40,40,28,50,-22,22
ชุมพร,3,ประชากรไทย,31,31,50,72,-22,22
สุโขทัย,4,ปวงชนไทย,23,23,33,55,-22,22
กรุงเทพมหานคร,1,ครูไทยเพื่อประชาชน,32,32,40,19,21,21
อุบลราชธานี,11,พลังประชารัฐ,43,43,157,178,-21,21
ชลบุรี,2,ปวงชนไทย,23,23,14,35,-21,21
ปทุมธานี,5,ไทยพร้อม,36,36,47,68,-21,21
ปทุมธานี,5,พลังธรรมใหม่,38,38,68,47,21,21
กำแพงเพชร,2,ฟิวชัน,20,20,55,34,21,21
ปราจีนบุรี,1,สร้างอนาคตไทย,34,34,147,126,21,21
กรุงเทพมหานคร,1,สร้างอนาคตไทย,34,34,38,17,21,21
ปราจีนบุรี,1,เป็นธรรม,45,45,104,83,21,21
นครราชสีมา,13,พลังประชารัฐ,43,43,225,205,20,20
นครราชสีมา,10,รวมใจไทย,5,5,1194,1174,20,20
มุกดาหาร,2,เศรษฐกิจ,11,11,3898,3878,20,20
นครราชสีมา,15,ฟิวชัน,20,20,36,56,-20,20
สุโขทัย,4,ฟิวชัน,20,20,43,23,20,20
สงขลา,5,มิติใหม่,4,4,330,310,20,20
ชลบุรี,2,ไทยพร้อม,36,36,63,83,-20,20
เชียงใหม่,3,คลองไทย,26,26,37,57,-20,20
กรุงเทพมหานคร,1,ประชาชาติ,33,33,19,38,-19,19
ศรีสะเกษ,2,ฟิวชัน,20,20,33,14,19,19
อุดรธานี,5,อนาคตไทย,15,15,43,62,-19,19
ปทุมธานี,7,ปวงชนไทย,23,23,23,42,-19,19
ชลบุรี,2,คลองไทย,26,26,13,32,-19,19
เชียงใหม่,3,อนาคตไทย,15,15,85,66,19,19
กรุงเทพมหานคร,1,พลังเพื่อไทย,16,16,29,47,-18,18
ชลบุรี,2,ก้าวอิสระ,22,22,32,14,18,18
เชียงใหม่,3,ไทยพร้อม,36,36,95,77,18,18
สุโขทัย,4,สังคมประชาธิปไตยไทย,19,19,25,43,-18,18
อุดรธานี,5,ไทยพร้อม,36,36,62,80,-18,18
นครราชสีมา,13,ไทยพร้อม,36,36,139,157,-18,18
อุดรธานี,5,สังคมประชาธิปไตยไทย,19,19,11,29,-18,18
ชุมพร,3,ไทยพร้อม,36,36,74,91,-17,17
ปทุมธานี,7,ครูไทยเพื่อประชาชน,32,32,86,69,17,17
กระบี่,2,ไทยธรรม,40,40,37,20,17,17
ชลบุรี,2,ไทยธรรม,40,40,34,17,17,17
กำแพงเพชร,2,ไทยชนะ,17,17,246,263,-17,17
ลำพูน,2,ไทยธรรม,40,40,67,84,-17,17
ปราจีนบุรี,1,ไทยพร้อม,36,36,140,123,17,17
สงขลา,5,ก้าวอิสระ,22,23,46,30,16,16
ชุมพร,3,เพื่อชีวิตใหม่,25,25,116,100,16,16
สุโขทัย,4,มิติใหม่,4,4,309,325,-16,16
นครราชสีมา,15,ก้าวอิสระ,22,22,69,54,15,15
ชลบุรี,2,เครือข่ายชาวนาแห่งประเทศไทย,52,52,30,15,15,15
นครราชสีมา,13,ก้าวอิสระ,22,22,54,39,15,15
ชลบุรี,2,กรีน,39,39,49,34,15,15
กระบี่,2,เครือข่ายชาวนาแห่งประเทศไทย,52,52,19,5,14,14
อุดรธานี,5,สร้างอนาคตไทย,34,34,79,93,-14,14
นครสวรรค์,4,ฟิวชัน,20,20,33,47,-14,14
นครสวรรค์,4,ไทยพร้อม,36,36,196,210,-14,14
สุโขทัย,3,ก้าวอิสระ,22,22,32,18,14,14
นครราชสีมา,13,ประชากรไทย,31,31,147,133,14,14
ปราจีนบุรี,1,รักชาติ,35,35,126,140,-14,14
ชลบุรี,2,อนาคตไทย,15,15,20,34,-14,14
กรุงเทพมหานคร,1,ก้าวอิสระ,22,22,22,8,14,14
ปัตตานี,2,ไทยก้าวหน้า,28,28,110,97,13,13
อุบลราชธานี,11,อนาคตไทย,15,15,72,85,-13,13
ปราจีนบุรี,1,มิติใหม่,4,4,481,468,13,13
ลำพูน,2,ปวงชนไทย,23,23,89,102,-13,13
ลำพูน,2,เครือข่ายชาวนาแห่งประเทศไทย,52,52,74,61,13,13
ชลบุรี,2,ครูไทยเพื่อประชาชน,32,32,49,36,13,13
เชียงใหม่,3,สร้างอนาคตไทย,34,34,88,101,-13,13
ปราจีนบุรี,1,ปวงชนไทย,23,23,40,52,-12,12
สุรินทร์,6,สังคมประชาธิปไตยไทย,19,19,37,49,-12,12
เชียงใหม่,3,สังคมประชาธิปไตยไทย,19,19,20,31,-11,11
อุดรธานี,5,ก้าวอิสระ,22,22,27,16,11,11
ปทุมธานี,7,แผ่นดินธรรม,41,41,28,17,11,11
สุโขทัย,3,สังคมประชาธิปไตยไทย,19,19,43,32,11,11
ศรีสะเกษ,6,พลังสังคมใหม่,18,18,33,43,-10,10
นครราชสีมา,13,ฟิวชัน,20,20,45,35,10,10
ปราจีนบุรี,1,สังคมประชาธิปไตยไทย,19,19,28,38,-10,10
พัทลุง,3,รักชาติ,35,35,138,148,-10,10
นครปฐม,4,สังคมประชาธิปไตยไทย,19,19,31,41,-10,10
นครปฐม,4,ฟิวชัน,20,20,41,31,10,10
อุบลราชธานี,11,ฟิวชัน,20,20,54,63,-9,9
ปราจีนบุรี,1,ฟิวชัน,20,20,38,47,-9,9
ศรีสะเกษ,2,ไทยธรรม,40,40,61,70,-9,9
ชุมพร,3,พลังเพื่อไทย,16,16,45,54,-9,9
กำแพงเพชร,2,สังคมประชาธิปไตยไทย,19,19,46,55,-9,9
สุรินทร์,6,อนาคตไทย,15,15,89,80,9,9
อุดรธานี,5,ฟิวชัน,20,20,29,20,9,9
อุบลราชธานี,11,รักชาติ,35,35,151,142,9,9
ชลบุรี,2,เป็นธรรม,45,45,42,33,9,9
กรุงเทพมหานคร,1,ฟิวชัน,20,20,8,17,-9,9
ชลบุรี,2,สร้างอนาคตไทย,34,34,75,66,9,9
นครสวรรค์,4,ก้าวอิสระ,22,22,43,34,9,9
ลำพูน,2,สร้างอนาคตไทย,34,34,185,193,-8,8
ศรีสะเกษ,2,สังคมประชาธิปไตยไทย,19,19,25,33,-8,8
ปทุมธานี,7,เป็นธรรม,45,45,51,43,8,8
ชลบุรี,2,แผ่นดินธรรม,41,41,17,10,7,7
กรุงเทพมหานคร,1,เครือข่ายชาวนาแห่งประเทศไทย,52,52,13,6,7,7
ปทุมธานี,7,เครือข่ายชาวนาแห่งประเทศไทย,52,52,54,47,7,7
ศรีสะเกษ,2,อนาคตไทย,15,15,53,60,-7,7
กรุงเทพมหานคร,1,เพื่อชีวิตใหม่,25,25,14,7,7,7
เชียงใหม่,3,รักชาติ,35,35,101,95,6,6
สงขลา,5,สร้างอนาคตไทย,34,34,46,40,6,6
สุโขทัย,4,ประชาชาติ,33,33,131,125,6,6
นครราชสีมา,15,ปวงชนไทย,23,23,54,60,-6,6
กำแพงเพชร,2,ก้าวอิสระ,22,22,74,68,6,6
ลำพูน,2,ก้าวอิสระ,22,22,95,89,6,6
อุดรธานี,5,รวมพลังประชาชน,13,13,407,412,-5,5
นครสวรรค์,4,สังคมประชาธิปไตยไทย,19,19,28,33,-5,5
หนองบัวลำภู,3,ใหม่,3,3,625,620,5,5
ปทุมธานี,7,สร้างอนาคตไทย,34,34,128,133,-5,5
ลำพูน,2,ประชากรไทย,31,31,280,275,5,5
ราชบุรี,3,กล้าธรรม,42,42,4729,4724,5,5
ชุมพร,3,เพื่อชาติไทย,2,2,364,359,5,5
อุดรธานี,8,แผ่นดินธรรม,41,41,28,24,4,4
พระนครศรีอยุธยา,2,แผ่นดินธรรม,41,41,24,28,-4,4
ชลบุรี,2,ไทยชนะ,17,17,63,59,4,4
ชลบุรี,2,เพื่อชีวิตใหม่,25,25,17,13,4,4
ชัยภูมิ,1,ไทยชนะ,17,17,105,101,4,4
เชียงใหม่,3,ฟิวชัน,20,20,31,34,-3,3
ลำพูน,2,ครูไทยเพื่อประชาชน,32,32,275,272,3,3
นครปฐม,3,พลังสังคมใหม่,18,18,35,32,3,3
ปทุมธานี,7,ฟิวชัน,20,20,20,23,-3,3
กรุงเทพมหานคร,1,แผ่นดินธรรม,41,41,11,8,3,3
ลำพูน,2,สังคมประชาธิปไตยไทย,19,19,79,76,3,3
ชลบุรี,2,รักชาติ,35,35,66,63,3,3
สงขลา,5,พลังเพื่อไทย,16,16,32,30,2,2
ศรีสะเกษ,2,เครือข่ายชาวนาแห่งประเทศไทย,52,52,22,20,2,2
ชลบุรี,2,ประชากรไทย,31,31,47,49,-2,2
กรุงเทพมหานคร,1,มิติใหม่,4,4,37,35,2,2
กรุงเทพมหานคร,1,สังคมประชาธิปไตยไทย,19,19,10,8,2,2
กระบี่,2,แผ่นดินธรรม,41,41,20,18,2,2
อ่างทอง,2,ประชาอาสาชาติ,50,50,8,6,2,2
กาฬสินธุ์,4,ไทยธรรม,40,40,89,87,2,2
ประจวบคีรีขันธ์,2,ไทยชนะ,17,17,110,111,-1,1
สงขลา,5,พลังธรรมใหม่,38,38,31,30,1,1
เชียงใหม่,3,มิติใหม่,4,4,252,253,-1,1
สงขลา,5,กรีน,39,39,38,39,-1,1
ปทุมธานี,7,รวมพลังประชาชน,13,13,477,476,1,1
พะเยา,2,รวมพลังประชาชน,13,13,628,627,1,1
กาฬสินธุ์,1,พลังสังคมใหม่,18,18,22,21,1,1
กรุงเทพมหานคร,24,ไทยก้าวใหม่,49,49,660,661,-1,1
น่าน,2,อนาคตไทย,15,15,66,67,-1,1
นนทบุรี,5,เครือข่ายชาวนาแห่งประเทศไทย,52,52,15,14,1,1
นครสวรรค์,4,รักชาติ,35,35,195,196,-1,1
กระบี่,2,กรีน,39,39,38,37,1,1
