province,constituency,number,candidate_name,party,votes_llm,votes_kn,diff,abs_diff
สุพรรณบุรี,4,5,นายวัฒนา ยั่งยืน,โอกาสใหม่,1659,58049,-56390,56390
นครปฐม,1,1,นายศุภโชค ศรีสุขจร,พรรคภูมิใจไทย,57347,1041,56306,56306
สุพรรณบุรี,4,1,นายเสมอกัน เที่ยงธรรม,ภูมิใจไทย,58049,2547,55502,55502
ราชบุรี,4,1,นายอัครเดช วงษ์พิทักษ์โรจน์,ภูมิใจไทย,55778,626,55152,55152
เพชรบูรณ์,6,3,นายเกรียงไกร ปานสีทอง,เพื่อไทย,4610,59008,-54398,54398
ชัยภูมิ,2,1,นายเชิงชาย ชาลีรินทร์,เพื่อไทย,54996,1254,53742,53742
สุรินทร์,2,7,นายณรงค์ มุตตะโสภา,พลังประชารัฐ,463,53228,-52765,52765
นครปฐม,4,8,นายอนุชิต ปฐมพงศ์พิทักษ์,พรรครวมพลังสร้างชาติไทย,363,50336,-49973,49973
เชียงใหม่,2,8,ร.ต.ต.เกษมสันต์ ยศรุ่งโรจน์,กล้าธรรม,2350,51532,-49182,49182
ลพบุรี,3,6,นายเอนก สนามทอง,เศรษฐกิจ,1816,49264,-47448,47448
นครปฐม,4,3,พันเอก สุขชาต สะสมทรัพย์,พรรคภูมิใจไทย,50336,3798,46538,46538
อุบลราชธานี,7,1,นายชาญณรงค์เดช อยู่สุข,ไทยก้าวใหม่,76,45003,-44927,44927
เพชรบูรณ์,6,4,นายอัคร ทองใจสด,ภูมิใจไทย,59008,14303,44705,44705
ลำปาง,1,8,นายก้องเกียรติ มาทา,พรรครวมไทยสร้างชาติ,3490,47614,-44124,44124
นครราชสีมา,10,2,นางกาญจนา บุญมีศิริทิพงศ์,พรรคประชาธิปัตย์,560,43185,-42625,42625
กรุงเทพมหานคร,22,1,นายสุภกร ตันติไพบูลย์ธนะ,ประชาชน,42264,786,41478,41478
นนทบุรี,1,8,นายธนบดี อินทวีโร,เสรีรวมไทย,1184,42123,-40939,40939
กรุงเทพมหานคร,22,6,นายพงศ์ไพศาล มะลุลีม,รวมไทยสร้างชาติ,1705,42264,-40559,40559
นนทบุรี,5,1,นายปรีติ เจริญศิลป์,ประชาชน,41888,1689,40199,40199
สมุทรปราการ,8,2,นายเทพฤทธิ์ ภาษี,ประชาชน,40230,682,39548,39548
สมุทรปราการ,8,9,นายอภิศักดิ์ แก้วหาญ,แรงงานสร้างไทย,765,40230,-39465,39465
สงขลา,6,3,ว่าที่ ร.ต.สมพร แซ่ลิ่ม,พรรคประชาชน,9865,48391,-38526,38526
สงขลา,6,1,นายอนุกูล พฤกษานุศักดิ์,พรรคภูมิใจไทย,48391,9865,38526,38526
เชียงใหม่,5,2,นายสมชิด กันธะยา,ประชาชน,39120,874,38246,38246
นครราชสีมา,10,1,นายอภิชา เลิศพชรกมล,พรรคเพื่อไทย,37863,1050,36813,36813
กรุงเทพมหานคร,25,7,นายณัฐดนัย หลำแสงกุล,กล้าธรรม,357,37035,-36678,36678
สุรินทร์,2,5,นายณัฏฐพล จรัสรพีพงษ์,ภูมิใจไทย,53228,17069,36159,36159
กรุงเทพมหานคร,25,1,นางสาวแอนศิริ วลัยกนก,ประชาชน,37035,1335,35700,35700
นครราชสีมา,3,1,นายสมบัติ กาญจนวัฒนา,เพื่อไทย,37500,1992,35508,35508
นครศรีธรรมราช,9,3,นางสาวนิรมล เพ็งจันทร์,รวมไทยสร้างชาติ,1060,36536,-35476,35476
นครศรีธรรมราช,9,1,นายชาญวัฒนา อิสระวัฒนา,ประชาธิปัตย์,36536,1060,35476,35476
นครราชสีมา,3,3,นายประยงค์ ดอกสันเทียะ,ประชาธิปัตย์,1992,37400,-35408,35408
กรุงเทพมหานคร,28,3,นายสุวัฒน์ ม่วงศิริ,เพื่อไทย,12310,47692,-35382,35382
นครศรีธรรมราช,3,3,นายมานะ ยวงทอง,ภูมิใจไทย,35542,623,34919,34919
กรุงเทพมหานคร,28,1,นางสาวชลณัฏฐ์ โกยกุล,ประชาชน,47692,13153,34539,34539
นครพนม,2,1,นายพิศาล บุพศิริ,ประชาชน,16967,51176,-34209,34209
นครพนม,2,3,นางมนพร เจริญศรี,เพื่อไทย,51176,16967,34209,34209
กรุงเทพมหานคร,3,9,นายนรุตม์ชัย บุนนาค,กล้าธรรม,545,34653,-34108,34108
พระนครศรีอยุธยา,1,3,นายวัชรพงศ์ ระดมสิทธิพัฒน์,ประชาธิปัตย์,3557,37335,-33778,33778
พระนครศรีอยุธยา,1,7,นายทวีวงศ์ โตทวิวงศ์,ประชาชน,37335,3557,33778,33778
บึงกาฬ,3,1,string,ไทยทรัพย์ทวี,2560,34041,-31481,31481
นครราชสีมา,16,3,นายบุญเลิศ ประสิทธิ์นอก,เพื่อบ้านเมือง,916,32139,-31223,31223
อุบลราชธานี,6,1,นางสาวธัญธารีย์ สันตพันธุ์,พรรคเพื่อไทย,33345,2663,30682,30682
หนองบัวลำภู,1,3,นายชยานันท์ เกตุเมฆ,กล้าธรรม,31594,1154,30440,30440
เชียงใหม่,10,1,นายชาตรี หล้าพระบาง,ประชาธิปัตย์,942,30928,-29986,29986
ภูเก็ต,3,3,นายศักดิ์ชาย เชาวน์ไวย,เพื่อไทย,1192,30360,-29168,29168
ภูเก็ต,3,1,นางสาวอรทัย เกิดทรัพย์,กล้าธรรม,30360,1192,29168,29168
ชัยภูมิ,5,1,นายศิวะ พงศ์ธีระดุลย์,เพื่อไทย,29851,719,29132,29132
ชัยภูมิ,5,5,นายชยนนท์ คำเบ้า,ประชาธิปัตย์,719,29851,-29132,29132
ลำพูน,1,2,นายชัยณรงค์ ภู่พิสิฐ,เพื่อไทย,29768,864,28904,28904
อุบลราชธานี,7,4,นายเชิดศักดิ์ โภคกุลกานนท์,เพื่อไทย,34817,6036,28781,28781
กรุงเทพมหานคร,3,2,นายจรยุทธ จตุรพรประสิทธิ์,ประชาชน,34653,6665,27988,27988
น่าน,2,2,นางสาวปาริชาติ ยาน้อย,ประชาชน,28888,953,27935,27935
สกลนคร,5,1,นางสาววงศ์อะเคื้อ บุญศล,กล้าธรรม,27906,351,27555,27555
ลำพูน,1,8,นายสุวสันต์ จันทร์ตาธรรม,เศรษฐกิจ,2666,29768,-27102,27102
ลพบุรี,3,3,นายพหล วรปัญญา,เพื่อไทย,27504,467,27037,27037
สมุทรปราการ,2,8,นางสาวสรัณณรัตน์ ศุภอัครโภคิน,รวมไทยสร้างชาติ,2506,29448,-26942,26942
สมุทรปราการ,2,5,นายยงยุทธ สุวรรณบุตร,เพื่อไทย,29448,2957,26491,26491
เชียงใหม่,3,8,นายธนากร สุภาษา,กล้าธรรม,2335,28351,-26016,26016
เชียงใหม่,3,4,นายจักรพล ตั้งสุทธิธรรม,เพื่อไทย,28351,2335,26016,26016
สระบุรี,2,8,นายกฤษณุชัย บุญทรัพย์ทวีชัย,พรรคเศรษฐกิจ,1836,27805,-25969,25969
นครราชสีมา,4,6,นายภาคภูมิ ประชญาภูมิวงศ์,ประชาชน,26339,745,25594,25594
เชียงใหม่,2,1,นางสาวการณิก จันทดา,ประชาชน,51532,26155,25377,25377
สงขลา,6,6,นางสาวจิรนาถ เหลาะเหม,พรรคเพื่อไทย,705,25751,-25046,25046
สงขลา,6,2,นายบารมี ขาวทอง,พรรคกล้าธรรม,25751,705,25046,25046
พิษณุโลก,2,3,นางสาวปรานอม หลิมประเสริฐ,ภูมิใจไทย,7084,32070,-24986,24986
พิษณุโลก,2,2,นายณชพล พลอาสา,ประชาชน,32070,7084,24986,24986
สระแก้ว,3,3,พันตำรวจเอก ศตพัฒน์ พิมพ์คำ,ประชาชน,13842,38812,-24970,24970
เชียงใหม่,8,9,นายณัฏฐ์พัฒน์ รัฐไผท,เพื่อไทย,28146,3352,24794,24794
สระบุรี,2,1,นายสมบัติ อำนาคะ,พรรคเพื่อไทย,27805,3291,24514,24514
พระนครศรีอยุธยา,2,1,นายชริน วงศ์พันธ์เที่ยง,ประชาชน,25836,1356,24480,24480
พระนครศรีอยุธยา,2,3,นายทรงศักดิ์ อยู่ยืน,รวมไทยสร้างชาติ,1356,25836,-24480,24480
ระยอง,3,5,นางสาวณัชชารีย์ จิตรดล,ภูมิใจไทย,2454,26873,-24419,24419
เชียงราย,7,8,นายเสรี วังแง่,พลวัต,452,24729,-24277,24277
เชียงราย,7,5,นายสง่า พรมเมือง,เพื่อไทย,24729,452,24277,24277
น่าน,2,3,นายชลน่าน ศรีแก้ว,เพื่อไทย,14002,38228,-24226,24226
นครศรีธรรมราช,2,1,นายเชาวน์วัศ เสนพงศ์,ประชาธิปัตย์,21111,45334,-24223,24223
นครศรีธรรมราช,2,3,นางสาวนันทวัน วิเชียร,ภูมิใจไทย,45334,21111,24223,24223
ลพบุรี,1,11,นางสาวศิริรัตน์ ฤกษ์พิชัย,ไทยสร้างไทย,1379,25593,-24214,24214
ระยอง,3,6,นายภิญโญ รัศมีประเสริฐสุข,ไทยสร้างไทย,788,24801,-24013,24013
ลำปาง,1,4,นางทิพา ปวีณาเสถียร,พรรคประชาชน,47614,23642,23972,23972
ลพบุรี,1,3,นายสาธิต ทวีผล,ประชาชน,25593,1666,23927,23927
เชียงใหม่,2,3,นายเพทาย เตโชฬาร,เพื่อไทย,26155,2350,23805,23805
ปทุมธานี,4,1,นายสุทิน นพขำ,พรรคเพื่อไทย,17512,41039,-23527,23527
ปทุมธานี,4,4,นายสกล สุนทรวาณิชย์กิจ,พรรคประชาชน,41039,17512,23527,23527
ยะลา,2,3,นายซูการ์โน มะทา,ประชาชาติ,46972,24226,22746,22746
เชียงใหม่,8,3,นายสุริยนต์ ปันทะนะ,ภูมิใจไทย,5542,28146,-22604,22604
ยโสธร,2,1,นายวรายุทธ จงอักษร,ภูมิใจไทย,51233,28880,22353,22353
ยโสธร,2,3,นายบุญแก้ว สมวงศ์,เพื่อไทย,28880,51233,-22353,22353
ระยอง,3,2,นายพงศธร ศรเพชรนรินทร์,ประชาชน,24801,2454,22347,22347
นนทบุรี,1,1,นายวุฒากร นุตยกุล,ประชาชน,42123,19861,22262,22262
ลพบุรี,3,2,นางสาวกาญจนาพร จิระพันธุ์วาณิช,ภูมิใจไทย,49264,27504,21760,21760
ระยอง,3,1,นายพศิน ปิตุเตชะ,ประชาธิปัตย์,26873,5580,21293,21293
สกลนคร,5,5,นางเกศา พลข้อ,เศรษฐกิจ,1177,22054,-20877,20877
นนทบุรี,1,2,นางสาวกัญญาพร แก้วทิพย์,ภูมิใจไทย,19861,391,19470,19470
ชัยภูมิ,5,3,นายสุขสันต์ ชื่นจิตร,กล้าธรรม,19605,448,19157,19157
สระแก้ว,3,2,นายสรวงศ์ เทียนทอง,เพื่อไทย,32848,13842,19006,19006
นนทบุรี,7,2,นายวิเชียร เจริญนนทสิทธิ์,กล้าธรรม,18873,472,18401,18401
หนองคาย,3,3,นายชัยณรงค์ ชัยสุข,ประชาชน,19381,1343,18038,18038
หนองคาย,3,1,นายสถิตย์ สีสวาท,ประชาธิปัตย์,1343,19381,-18038,18038
สุรินทร์,5,1,นายรังสิทธิ์ วุฒิสุทธิ์,รวมไทยสร้างชาติ,173,17798,-17625,17625
สุรินทร์,5,8,นางฟาริดา สุไลมาน,กล้าธรรม,17798,173,17625,17625
กรุงเทพมหานคร,19,9,นายปิยะชาติ อำนวยเวช,โอกาสใหม่,377,17802,-17425,17425
ตาก,3,8,นายอรรถสิทธิ์ ต๊ะทองคำ,ภูมิใจไทย,18757,1484,17273,17273
นครราชสีมา,16,5,นายตติรัฐ รัตนเศรษฐ,ภูมิใจไทย,32139,14870,17269,17269
กรุงเทพมหานคร,19,7,นางสาวกาญจนา ภวัครานนท์,ภูมิใจไทย,17802,546,17256,17256
ลพบุรี,4,3,นายสงกรานต์ รังสรรค์,พรรคประชาชน,18256,1079,17177,17177
ลพบุรี,4,8,นางสาวศิริทิพย์ ผกามาศ,พรรคเศรษฐกิจ,1079,18256,-17177,17177
กรุงเทพมหานคร,23,1,นายสุรเกียรติ์ มณีแผลงเจริญชัย,ประชาธิปไตยใหม่,464,17592,-17128,17128
กรุงเทพมหานคร,22,2,นายพงศ์พล ยอดเมืองเจริญ,ภูมิใจไทย,17486,368,17118,17118
กรุงเทพมหานคร,22,8,นายวิรัล ทองเมืองหลวง,เศรษฐกิจ,1130,17486,-16356,16356
เลย,4,3,นางสาวณัฐวรีย์ ทรัพย์มณีโภคิน,ประชาธิปัตย์,3953,20152,-16199,16199
เลย,4,1,นางสาวศวิตา สำลีพันธุ์,ประชาชน,20152,3953,16199,16199
สุรินทร์,2,9,นายชูชัย มุ่งเจริญพร,เพื่อไทย,17069,1064,16005,16005
กรุงเทพมหานคร,23,9,นางสกุลรัตน์ ทิพย์วรรณงาม,ภูมิใจไทย,17592,1660,15932,15932
มหาสารคาม,4,3,นายสรรพภัญญู ศิริไปล์,เพื่อไทย,15459,30843,-15384,15384
มหาสารคาม,4,1,นายวิเชียร จงชูวณิชย์,ภูมิใจไทย,30843,15459,15384,15384
ยะลา,1,1,นายสุไลมาน บือแนปีแน,ประชาชาติ,31446,16200,15246,15246
ยะลา,1,3,นายประสิทธิชัย พงษ์สุวรรณศิริ,ภูมิใจไทย,16200,31446,-15246,15246
ลำปาง,3,3,นายบุญเลิศ แสนเทพ,เพื่อไทย,16581,1360,15221,15221
ลำปาง,3,7,นายชาญณรงค์ มาเรียน,พลังประชารัฐ,1360,16581,-15221,15221
กรุงเทพมหานคร,12,13,นายนนท์ปวิธ แก้วงาม,กล้าธรรม,945,16106,-15161,15161
กรุงเทพมหานคร,13,3,นายณัษฐพงษ์ วุฒิพงศ์เตชากิจ,พรรควิชชั่นใหม่,131,15227,-15096,15096
สมุทรปราการ,4,8,นางสาวพิมพ์พรรณ พึ่งบุญ,ภูมิใจไทย,15300,415,14885,14885
สมุทรปราการ,4,9,นายไพรัตน์ สำเภาทอง,ปวงชนไทย,415,15300,-14885,14885
น่าน,3,9,นายณัฐพงษ์ ไชยศิลป์,โอกาสใหม่,1338,16170,-14832,14832
นครสวรรค์,3,3,นายสัญชัย วงษ์สุนทร,เพื่อไทย,7059,21890,-14831,14831
นครสวรรค์,3,1,นายยุทธการ พลแสน,ประชาชน,21890,7059,14831,14831
นนทบุรี,3,5,ผศ.สิริภิญญ์ อินทรประเสริฐ,ภูมิใจไทย,15854,1160,14694,14694
กรุงเทพมหานคร,1,9,นายวีระยุทธ ประกอบการ,ปวงชนไทย,168,14813,-14645,14645
ลพบุรี,3,4,นายประดิษฐ์ บวรกิติอนันต์,ประชาชน,15294,670,14624,14624
ลพบุรี,3,8,นางสาวกัญญาภัค กอกัน,ปวงชนไทย,801,15294,-14493,14493
ลำปาง,1,3,นายกิตติกร โล่ห์สุนทร,พรรคเพื่อไทย,23642,9189,14453,14453
กรุงเทพมหานคร,12,11,นางศลิษา สิงหเสนี,ภูมิใจไทย,16106,1776,14330,14330
สุรินทร์,4,9,นางสาวรำไพ เพิ่มทอง,ใหม่,368,14535,-14167,14167
นครราชสีมา,16,10,นายมาร์ค อุสมาน ปาทาน,ประชาชน,14870,982,13888,13888
นครราชสีมา,1,5,นายก้องเกียรติ วงศ์นิยม,ภูมิใจไทย,14417,552,13865,13865
นครราชสีมา,1,9,นายสกุลชัย สุภิมารส,กล้าธรรม,552,14417,-13865,13865
บึงกาฬ,3,6,string,รวมไทยสร้างชาติ,1294,15049,-13755,13755
ร้อยเอ็ด,8,8,นายธนชัย สินธุไพร,พรรคภูมิใจไทย,25106,11351,13755,13755
ร้อยเอ็ด,8,9,นายพัฒนา พระไชยบุญ,พรรคประชาชน,11351,25106,-13755,13755
สุรินทร์,2,1,นายพงศธร ลักขษร,ประชาชน,14307,613,13694,13694
สุรินทร์,2,3,นายสุมากร แซ่โง้ว,กล้าธรรม,613,14307,-13694,13694
สุรินทร์,4,8,นายโพธิธวัช พัฒนาพงษ์ไชย,ประชาชน,14535,913,13622,13622
ฉะเชิงเทรา,3,1,นางลอง ไผ่ล้อม,พรรคปวงชนไทย,929,14500,-13571,13571
ฉะเชิงเทรา,3,3,นายศักดิ์ชาย ตันเจริญ,พรรคเพื่อไทย,14500,929,13571,13571
นครราชสีมา,8,3,นายศาสตรา นากระโทก,ประชาชน,14747,1194,13553,13553
สุราษฎร์ธานี,2,1,นายโรจน์พิศาล อินทรักษ์,ประชาธิปัตย์,15126,1695,13431,13431
สระบุรี,1,8,นายทวีจิตร พัฒน์ชนะ,เพื่อไทย,14572,1156,13416,13416
บึงกาฬ,3,5,string,รวมใจไทย,1312,14313,-13001,13001
ศรีสะเกษ,9,9,นางสาวเกศรา แซ่จิว,ปวงชนไทย,137,12281,-12144,12144
น่าน,2,5,นายนฤบดินทร์ เทพสิทธิ์,ภูมิใจไทย,1982,14002,-12020,12020
ปทุมธานี,5,1,นางสาวอัยรินทร์ พันธุ์ฤทธิ์,กล้าธรรม,12941,930,12011,12011
ศรีสะเกษ,1,1,นายธเนศ เครือรัตน์,เพื่อไทย,25401,13456,11945,11945
ศรีสะเกษ,1,3,นายสุขเกษม เรืองนุช,ประชาชน,13456,25401,-11945,11945
อุดรธานี,8,1,นายเกรียงศักดิ์ ฝ้ายสีงาม,เพื่อไทย,12512,634,11878,11878
ปทุมธานี,5,8,นายศุภลักษณ์ สายยงค์,ประชาธิปไตยใหม่,1185,12941,-11756,11756
สมุทรปราการ,5,2,นายปิยะพงศ์ เหมะ,เพื่อไทย,12323,796,11527,11527
กาฬสินธุ์,5,8,นายทวี ขาวผ่อง,ประชาชน,12077,824,11253,11253
ศรีสะเกษ,9,8,นางนุชนาถ จารุวงษ์เสถียร,กล้าธรรม,12281,1069,11212,11212
จันทบุรี,3,1,นายชรัตน์ เนรัญชร,ภูมิใจไทย,31798,20697,11101,11101
อุดรธานี,8,8,นายภูชิต อุ่นเที่ยว,กล้าธรรม,1842,12512,-10670,10670
น่าน,3,6,นายรัฐภูมิ ขันสลี,กล้าธรรม,11813,1338,10475,10475
ชัยภูมิ,5,4,นายอภิเดช ประทุมแก้ว,ประชาชน,9294,19605,-10311,10311
อุบลราชธานี,7,5,นางสาวสุดารัตน์ พิทักษ์พรพัลลภ,ภูมิใจไทย,45003,34817,10186,10186
กรุงเทพมหานคร,13,9,นายภาณุพงศ์ ลักษณวิศิษฎ์,พรรคประชาธิปัตย์,11428,1323,10105,10105
กรุงเทพมหานคร,6,1,นางสาวอรพินทร์ เพชรทัต,โอกาสใหม่,10856,764,10092,10092
เพชรบูรณ์,6,1,นายอัครพงษ์ สิทธิ,ประชาชน,14303,4610,9693,9693
สุราษฎร์ธานี,2,4,นายภูวิช เกลี้ยงมล,กล้าธรรม,3138,12739,-9601,9601
หนองคาย,2,5,นายธงชัย กึ่งมาตย์,ประชาธิปัตย์,397,9782,-9385,9385
หนองคาย,2,4,นางสาวทศพร จันทร์ศรี,ประชาชน,9782,397,9385,9385
กำแพงเพชร,2,1,นายเพชรภูมิ อาภรณ์รัตน์,กล้าธรรม,42302,32930,9372,9372
กำแพงเพชร,2,3,นายธนากร รัตนากร,เพื่อไทย,32930,42302,-9372,9372
น่าน,2,1,นายประสิทธิ์ โนทะ,กล้าธรรม,38228,28888,9340,9340
ศรีสะเกษ,2,1,นายสุทธิรักษ์ บุญศักดิ์,ประชาชน,10448,1166,9282,9282
กรุงเทพมหานคร,12,1,นางพิมชนก เก่าเจริญ,ประชาธิปัตย์,9527,430,9097,9097
ศรีสะเกษ,2,3,นายสายชล เคหะธรรม,รวมพลังประชาชน,1392,10448,-9056,9056
กรุงเทพมหานคร,1,8,นายพีรวุฒิ พิมพ์สมฤดี,ประชาธิปัตย์,14813,6030,8783,8783
ลพบุรี,1,1,นายอุบลศักดิ์ บัวหลวงงาม,เพื่อไทย,9992,1379,8613,8613
ชัยภูมิ,5,6,นายปิยชัย โชติมาวณิช,เศรษฐกิจ,711,9294,-8583,8583
นนทบุรี,3,8,นายเอิบ พงบุหงอ,ประชาธิปัตย์,7291,15854,-8563,8563
ลพบุรี,1,9,นายพิชัย เกียรติวินัยสกุล,พลังประชารัฐ,1666,9992,-8326,8326
กรุงเทพมหานคร,10,8,นางกนกนุช กลิ่นสังข์,โอกาสใหม่,9440,1437,8003,8003
พระนครศรีอยุธยา,4,3,นางสาวณัฐณิชา บุรณศิริ,เพื่อไทย,5682,13512,-7830,7830
พระนครศรีอยุธยา,4,1,นายวีระชัย นาคมาศ,โอกาสใหม่,13512,5682,7830,7830
กรุงเทพมหานคร,12,6,นายธนกฤต ธนิศราพงศ์,รวมไทยสร้างชาติ,1776,9527,-7751,7751
กรุงเทพมหานคร,22,3,นายปรินต์ ทองปุสสะ,ประชาธิปัตย์,9244,1705,7539,7539
หนองบัวลำภู,2,1,นายประสิทธิ์ พลศักดิ์ขวา,เครือข่ายชาวนาแห่งประเทศไทย,249,7705,-7456,7456
กรุงเทพมหานคร,10,9,นายภูพิพัฒน์ สาวพัฒนะธาดา,รวมไทยสร้างชาติ,2012,9440,-7428,7428
มหาสารคาม,2,9,นางสาวขวัญอิสรา ศรีสังข์,พลังประชารัฐ,7793,901,6892,6892
มหาสารคาม,2,1,นายทวีศักดิ์ ปะหุปะไพ,ประชาธิปไตยใหม่,901,7793,-6892,6892
กรุงเทพมหานคร,14,1,นายธีรทรัพย์ อภิญญาภรณ์,ไทยสร้างไทย,1299,8186,-6887,6887
กรุงเทพมหานคร,14,10,ร.อ.พิชาญศักดิ์ บุญมาศ,ประชาธิปัตย์,8186,1333,6853,6853
กรุงเทพมหานคร,28,10,นางสาวณฤษร พฤฒิวโรดม,ไทยสร้างไทย,870,7586,-6716,6716
กรุงเทพมหานคร,22,4,นายธกร เลาหพงศ์ชนะ,เพื่อไทย,7036,425,6611,6611
นนทบุรี,3,9,นางสาวสิรินาถ พิณประไพวงศ์,พลวัต,774,7291,-6517,6517
สงขลา,4,4,นายสิทธิพัฒน์ เสนเนียม,ประชาธิปัตย์,18187,24612,-6425,6425
สงขลา,4,1,นายโยธิน ทองเนื้อแข็ง,ภูมิใจไทย,24612,18187,6425,6425
กรุงเทพมหานคร,22,5,ร.ต.ต.มณฑล โพธิ์คาย,พลังประชารัฐ,2983,9244,-6261,6261
เชียงใหม่,3,3,นายเกษม ปารมีศิลป์ขจร,ภูมิใจไทย,7296,1265,6031,6031
กรุงเทพมหานคร,3,1,นางสาวเพ็ญพิสุทธิ์ จินตโสภณ,เพื่อไทย,6665,665,6000,6000
สระแก้ว,3,1,นายสุรศักดิ์ ชิงนวรรณ์,กล้าธรรม,38812,32848,5964,5964
อุบลราชธานี,7,8,นายไพฑูรย์ จันทะยา,ประชาชน,6036,76,5960,5960
หนองบัวลำภู,2,9,นางชญาน์นันท์ พิมพ์กิรติ,ภูมิใจไทย,7705,1823,5882,5882
สกลนคร,5,2,นายชัยมงคล ไชยรบ,ภูมิใจไทย,22054,27906,-5852,5852
ชัยภูมิ,1,8,นายเกษมศักดิ์ อัครเพศ,ทางเลือกใหม่,894,6739,-5845,5845
ชัยภูมิ,1,9,นายวรวุฒิ จอดนอก,ภูมิใจไทย,6739,894,5845,5845
ลำปาง,1,9,นายชวนิต จันทรสุรินทร์,พรรคภูมิใจไทย,9189,3490,5699,5699
กรุงเทพมหานคร,22,7,นายกัณฑ์ชาติ มนต์กันภัย,ไทยก้าวใหม่,1491,7036,-5545,5545
ยะลา,1,2,นายอาดิลัน อาลีอิสเฮาะ,กล้าธรรม,20639,15216,5423,5423
ยะลา,1,4,นายอันวาร์ อุเซ็ง,ประชาชน,15216,20639,-5423,5423
กรุงเทพมหานคร,28,4,นายพร้อมพล ธรรมจินดา,ประชาธิปัตย์,7586,2236,5350,5350
นครราชสีมา,10,7,นายบุญจง วงศ์ไตรรัตน์,พรรคภูมิใจไทย,43185,37863,5322,5322
ระยอง,3,4,นายชัยณรงค์ สันทัสนะโชค,เพื่อไทย,5580,788,4792,4792
กาฬสินธุ์,1,1,นายปภัทร เฮงไพบูลย์,พรรคพลังประชารัฐ,16870,21477,-4607,4607
กาฬสินธุ์,1,7,นายพีระพันธุ์ ดวงประทุม,พรรคประชาชน,21477,16870,4607,4607
ตาก,1,6,นายวริศ มีไชโย,ประชาธิปัตย์,6170,1565,4605,4605
ตาก,1,8,นายปองภพ วณิชศิริ,เศรษฐกิจ,1565,6170,-4605,4605
น่าน,3,1,นายณัฐพงษ์ สุปริยศิลป์,เพื่อไทย,16170,11813,4357,4357
ประจวบคีรีขันธ์,2,9,นายสายันต์ รักเมือง,พรรคไทยสร้างไทย,322,4627,-4305,4305
ประจวบคีรีขันธ์,2,8,นายเอกธิปป์ ตนประเสริฐ,พรรคประชาธิปัตย์,4627,322,4305,4305
สระบุรี,3,8,นายวัชรพล รวมพล,ประชากรไทย,371,4647,-4276,4276
เชียงใหม่,3,9,พลตรีพนม ศรีเผือด,โอกาสใหม่,1265,5464,-4199,4199
ยะลา,1,6,นายสมภพ สุภนรานนท์,ไทยก้าวใหม่,1136,5182,-4046,4046
ยะลา,1,5,นายอับดุลการิม เด็งระกีนา,ประชาธิปัตย์,5182,1136,4046,4046
แม่ฮ่องสอน,1,5,นายอนัส มณีพฤกษ์,ประชาชน,18680,14680,4000,4000
กรุงเทพมหานคร,1,6,นายญาณกิตติ์ ห่วงทรัพย์,เพื่อไทย,6030,2075,3955,3955
นครนายก,1,2,พลตำรวจตรี สุรพล บุญมา,ภูมิใจไทย,29822,33707,-3885,3885
นครนายก,1,1,นายปิยวัฒน์ กิตติธเนศวร,กล้าธรรม,33707,29822,3885,3885
นครศรีธรรมราช,4,3,ว่าที่ร้อยโท สนั่น พิบูลย์,ภูมิใจไทย,3705,7531,-3826,3826
นครศรีธรรมราช,4,1,นายวัชระ เกตุชู,ประชาชน,7531,3705,3826,3826
กรุงเทพมหานคร,13,8,นายศุกล กุลสิงห์,พรรคภูมิใจไทย,15227,11428,3799,3799
กรุงเทพมหานคร,12,9,นางสาวณัฐธยาน์ สิงห์คำนาราภูมิ,ประชากรไทย,434,4142,-3708,3708
กรุงเทพมหานคร,12,8,นางสาวนพวรรณ หัวใจมั่น,พลังประชารัฐ,4142,452,3690,3690
นครราชสีมา,10,3,นายเสกสกล อัตถาวงศ์,พรรคโอกาสใหม่,4824,1261,3563,3563
นครราชสีมา,10,5,นายธนยศ โปร่งกระโทก,พรรคเศรษฐกิจ,1261,4824,-3563,3563
นครพนม,2,8,นายสมพงษ์ มณีรัตน์,ปวงชนไทย,3679,169,3510,3510
นครพนม,2,9,นายสุริน ไตริน,ไทยพร้อม,169,3679,-3510,3510
บึงกาฬ,3,3,string,ใหม่,628,4098,-3470,3470
เชียงใหม่,2,2,นายยุทธนา สุวรรณ,ภูมิใจไทย,7177,3738,3439,3439
เชียงใหม่,2,6,พล.ต.ต.ปิยะพันธ์ ภัทรพงศ์สินธุ์,ประชาธิปัตย์,3738,7177,-3439,3439
นครปฐม,4,5,นายวินัย วิจิตรโสภณ,พรรคเพื่อไทย,3798,363,3435,3435
สระบุรี,3,3,นางสาวสิริพัชระ จึงธีรพานิช,เพื่อไทย,4647,1247,3400,3400
ขอนแก่น,8,8,นายศิริพงษ์ อรุณเดชาชัย,ภูมิใจไทย,3842,453,3389,3389
ขอนแก่น,8,9,นายเดชาวัต ศรีพุดฑา,ไทยก้าวใหม่,453,3842,-3389,3389
ชลบุรี,6,9,นายษรกฤต ผลลูกอินทร์,เพื่อไทย,3877,684,3193,3193
ชลบุรี,6,1,นายนิติกร คงทอง,แรงงานสร้างชาติ,684,3877,-3193,3193
กาฬสินธุ์,4,1,นายวิรัตน์ ภูต้องใจ,พรรคภูมิใจไทย,3939,768,3171,3171
กาฬสินธุ์,4,3,นายสุระชัย ไชยทองศรี,พรรครวมไทยสร้างชาติ,768,3939,-3171,3171
ชลบุรี,5,9,นายพรชัย วงศ์ล้อมนิล,พลังประชารัฐ,855,3766,-2911,2911
สระแก้ว,2,8,นายศิริพงศ์ ทวีวงศ์,เศรษฐกิจ,3362,452,2910,2910
สระแก้ว,2,9,นางสาวกิติชา วงษ์มั่น,ประชาธิปไตยใหม่,452,3362,-2910,2910
กรุงเทพมหานคร,18,9,นางสาวพชรพรรณ ตุ่มระสินปิน,พลังประชารัฐ,359,3260,-2901,2901
กรุงเทพมหานคร,18,8,นายฮาซัน วันนุ,รวมไทยสร้างชาติ,3260,372,2888,2888
ชลบุรี,5,8,นายปรีชา กาญจนบัตร,ประชาธิปัตย์,3766,917,2849,2849
สกลนคร,5,4,นายบัญชา จันทศรี,ประชาชน,12318,15164,-2846,2846
สกลนคร,5,3,นางสาวอภิญญา พันทะสา,เพื่อไทย,15164,12318,2846,2846
กรุงเทพมหานคร,29,1,นายณรงค์ชัย ธารณา,รวมไทยสร้างชาติ,3379,548,2831,2831
กรุงเทพมหานคร,29,9,นางสาวอรพรรณ วัจนะเสถียรกุล,กล้าธรรม,548,3379,-2831,2831
นครราชสีมา,3,9,นางณัฐธยาน์ พิพิทฐานนท์,ไทยก้าวใหม่,362,3174,-2812,2812
นครราชสีมา,3,8,นายชินวัตร ปัญญาปิติโสภณ,เศรษฐกิจ,3174,362,2812,2812
สระแก้ว,1,8,นายชาญ สุคนธ์,ไทยก้าวใหม่,2999,217,2782,2782
กรุงเทพมหานคร,22,11,นายอธิป เพศยนาวิน,ปวงชนไทย,368,2983,-2615,2615
สกลนคร,4,2,ส.อ.ชัยวัน ราชชมภู,พรรคเศรษฐกิจ,3412,830,2582,2582
กรุงเทพมหานคร,32,9,นางสาวขวัญญดาภรณ์ เชี่ยววิทย์,โอกาสใหม่,497,3024,-2527,2527
สระแก้ว,1,7,นางสาวบุญญภา ผูกธรรม,ประชาธิปไตยใหม่,217,2661,-2444,2444
สมุทรปราการ,2,4,นายดุสิต พันธุ์เสือ,ประชาธิปัตย์,2957,559,2398,2398
สุราษฎร์ธานี,2,3,นายวรินทร วิชัยดิษฐ,ประชาชน,12739,15126,-2387,2387
กรุงเทพมหานคร,25,10,นางสาวปราณี ธรรมนิยม,รวมไทยสร้างชาติ,2493,179,2314,2314
ชลบุรี,9,1,นายพีระชัย ชวรัตน์โชติวงศ์,ประชาธิปัตย์,2665,407,2258,2258
ชลบุรี,9,3,นายสกลชัย เจริญรุจิจินต์,พลังประชารัฐ,407,2665,-2258,2258
กรุงเทพมหานคร,31,9,นายวันปิติ สิงหโกวินท์,พรรคพลวัต,702,2889,-2187,2187
กรุงเทพมหานคร,6,3,นายวรวิช กมลโชติรส,รักชาติ,300,2468,-2168,2168
ขอนแก่น,1,8,นายธรรมรัตน์ จันท่าจีน,ประชาธิปัตย์,2719,557,2162,2162
กาฬสินธุ์,1,5,นายชัย คูสกุลรัตน์,พรรคเศรษฐกิจ,1513,3616,-2103,2103
กาฬสินธุ์,1,8,นายเทิดแผ่นดินทอง ธารชัย,พรรคภูมิใจไทย,3616,1513,2103,2103
เชียงใหม่,1,8,นายนิธิวิทย์ เกียรติสยมภู,รวมไทยสร้างชาติ,3033,943,2090,2090
เชียงใหม่,1,9,นายพจนารถ ศรียารัณย,โอกาสใหม่,943,3033,-2090,2090
กรุงเทพมหานคร,25,12,นางสาวเนตรสกาว ชาหอม,ไทยก้าวใหม่,407,2493,-2086,2086
เชียงราย,1,2,นายเอกนิสิต ศรีแก้ว,พรรคพลวัต,1361,3419,-2058,2058
กรุงเทพมหานคร,19,8,นายภูเบศ โพธิ์โซะ,รวมไทยสร้างชาติ,2415,377,2038,2038
กรุงเทพมหานคร,24,9,นางสาวปภาดา ถาวรเศรษฐ,โอกาสใหม่,492,2509,-2017,2017
สมุทรปราการ,2,9,นายณัฐพงษ์ โพธิ์เดช,กล้าธรรม,559,2506,-1947,1947
อุดรธานี,2,8,นายชัยยงค์ ถียัง,ประชาธิปไตยใหม่,2335,399,1936,1936
อุดรธานี,2,9,นายอนันต์ ศรีพันธุ์,พลังประชารัฐ,399,2335,-1936,1936
กรุงเทพมหานคร,1,10,นายพลัฏฐ์ ศิริกุลพิสุทธิ์,รวมไทยสร้างชาติ,2075,168,1907,1907
กรุงเทพมหานคร,19,5,นายศรศักดิ์ สวนแก้ว,ปวงชนไทย,546,2415,-1869,1869
เชียงใหม่,3,1,นายศักดิ์สุบรรณ คันธา,ประชาธิปัตย์,5464,7296,-1832,1832
ลำพูน,1,5,นายประกอบ ยอดยา,กล้าธรรม,4395,2666,1729,1729
เชียงใหม่,8,8,นางสาวกุสุมา บัวพันธ์,กล้าธรรม,3815,5542,-1727,1727
พระนครศรีอยุธยา,2,8,นายปฐมรัตน์ ขวนขวายทรัพย์,เศรษฐกิจ,1953,244,1709,1709
พระนครศรีอยุธยา,2,9,นางสาวธนภรณ์ ผลยาม,พลังประชารัฐ,244,1953,-1709,1709
นนทบุรี,7,9,สิบตำรวจโท สมชาย ศรีเย็น,ทางเลือกใหม่,1006,2686,-1680,1680
กรุงเทพมหานคร,27,9,นายเบสท์ วงศ์ไพโรจน์กุล,ไทยสร้างไทย,524,2202,-1678,1678
กรุงเทพมหานคร,27,8,นายทรงยศ บุญบำรุงชัย,รวมไทยสร้างชาติ,2202,524,1678,1678
มหาสารคาม,5,8,นายเศรษฐวัฒน์ ศิริโกมุท,ไทยพร้อม,2565,930,1635,1635
กรุงเทพมหานคร,32,3,นางสาวกัญญาวีร์ จารุสัมพันธ์กนก,รวมไทยสร้างชาติ,3024,1429,1595,1595
กรุงเทพมหานคร,5,7,นายวศิน รัตตะรังสี,พรรควิชชั่นใหม่,159,1741,-1582,1582
หนองบัวลำภู,2,8,นางสาวณัฐนันท์ พรมนิล,เศรษฐกิจ,1823,249,1574,1574
มหาสารคาม,6,9,นายสรเชษฐ์ โพธิรุกข์,พรรคไทยก้าวหน้า,103,1626,-1523,1523
ชลบุรี,10,1,พลเรือตรี นพดล บงกชกาญจน์,ประชาธิปัตย์,1853,336,1517,1517
ชลบุรี,10,9,นายโอฬาร์ ปัญญปิติพัฒน,พลังประชารัฐ,336,1853,-1517,1517
ศรีสะเกษ,3,9,นายนิพนธ์ บุษราคัมวงศ์,พรรครวมพลัง,113,1611,-1498,1498
กรุงเทพมหานคร,5,8,นางสาวสุภกฤตา ธงไชย,พรรครวมไทยสร้างชาติ,1741,245,1496,1496
ประจวบคีรีขันธ์,1,6,นายไชยวัฒน์ วงศ์วรรณ,ประชาธิปัตย์,2477,1002,1475,1475
สุราษฎร์ธานี,2,7,นายศาสตรา ชูศักดิ์,โอกาสใหม่,1695,3138,-1443,1443
ฉะเชิงเทรา,3,5,นายภานุพงษ์ ไทเศรษฐวัฒน์กุล,พรรคภูมิใจไทย,2003,570,1433,1433
อุดรธานี,6,8,นายประกาศิต ปัญญาใส,เศรษฐกิจ,1487,64,1423,1423
อุดรธานี,6,9,นายธนพล คำศรี,ประชากรไทย,64,1487,-1423,1423
ขอนแก่น,2,2,นางสาวณัฏฐศศิ ประทีปะวณิช,พลังประชารัฐ,3294,1874,1420,1420
สุโขทัย,2,5,นายวศินภัทร์ กิตตินันท์พาณิช,กล้าธรรม,2282,873,1409,1409
สุโขทัย,2,6,นายหอม เอี่ยมสนิท,เศรษฐกิจ,873,2282,-1409,1409
นครราชสีมา,7,9,นางเบญญาภา ทองคำ,เพื่อบ้านเมือง,77,1483,-1406,1406
นครราชสีมา,7,8,นายสุหลี ศรีแสง,เศรษฐกิจ,1483,77,1406,1406
อุดรธานี,7,1,นางสาวอรัญญา ใจมั่น,พรรคพลังประชารัฐ,2408,1003,1405,1405
นครพนม,4,9,นายกฐสักกษัษฐี โคตุทา,รวมไทยสร้างชาติ,233,1637,-1404,1404
นครพนม,4,8,นายบัญชา มาตย์วังแสง,ไทยพร้อม,1637,233,1404,1404
กรุงเทพมหานคร,23,8,นายวัฒนา เช่งไพเราะ,พลังประชารัฐ,1660,290,1370,1370
กาฬสินธุ์,2,8,นายสุทิน คำนาดี,พรรคทางเลือกใหม่,1535,165,1370,1370
อุดรธานี,1,8,ร้อยตรี สง่า เหลืองอร่าม,ประชากรไทย,1648,284,1364,1364
อุดรธานี,1,9,พันตำรวจเอก พินทุรัตน์ ศิริขันธ์ เสนาไชย,พลังประชารัฐ,284,1648,-1364,1364
ขอนแก่น,1,1,พันตำรวจเอกอิทธิกร อุ่นประกอ,พลังประชารัฐ,1366,2719,-1353,1353
อุดรธานี,3,6,นายสาคร ปราบพาล,พรรคพลังประชารัฐ,1594,245,1349,1349
ปทุมธานี,8,1,นายพนพ เกษามา,ประชาธิปัตย์,1978,663,1315,1315
ปทุมธานี,8,8,นายปรีชา ชื่นชนกพิบูล,พลังประชารัฐ,663,1978,-1315,1315
ศรีสะเกษ,2,9,นายสมยศ อำไพ,ปวงชนไทย,81,1392,-1311,1311
ชลบุรี,4,3,นายจักรพล วชิรเสวีกุล,ไทยภักดี,850,2151,-1301,1301
ศรีสะเกษ,3,6,นายสมจิตร ช่วยพันธ์,พรรคเศรษฐกิจ,1611,341,1270,1270
กรุงเทพมหานคร,24,1,นายรัชชานนท์ สมบัติลาภตระกูล,รวมไทยสร้างชาติ,1758,492,1266,1266
ชลบุรี,6,3,นายชยางกูร ธรรมภรณ์,เศรษฐกิจ,1530,268,1262,1262
นครพนม,1,8,นายดาบชัย ทัดสา,เศรษฐกิจ,1388,140,1248,1248
นครพนม,1,9,นายบุญเลิศ พงษ์พิศ,ประชาธิปัตย์,140,1388,-1248,1248
มหาสารคาม,3,8,เรือตรีกุลธร แก้ววิเศษ,เศรษฐกิจ,1307,73,1234,1234
มหาสารคาม,3,9,นายธีราพัทธ์ พาณิชย์,ไทยก้าวใหม่,73,1307,-1234,1234
กรุงเทพมหานคร,6,11,นายนรเสฏฐ์ เธียรประสิทธิ์,ภูมิใจไทย,12088,10856,1232,1232
อุดรธานี,8,9,นางศิริพร แสงจันทร์,ประชาธิปไตยใหม่,634,1842,-1208,1208
กรุงเทพมหานคร,3,13,นายกันต์ณกฤต ยูนิพันธ์,รวมไทยสร้างชาติ,1430,235,1195,1195
กรุงเทพมหานคร,3,11,นายกิตติพศ ถนอมวรารักษ์,รักชาติ,235,1430,-1195,1195
อุบลราชธานี,1,8,นายพิษณุ อธิคมศาสตร์,พลวัต,1098,2283,-1185,1185
อุบลราชธานี,1,6,นายนิมิต จันทเวทย์ศิริ,เศรษฐกิจ,2283,1098,1185,1185
สระแก้ว,2,7,นายเกียรติศักดิ์ สุดแดน,ไทยก้าวใหม่,647,1823,-1176,1176
สระแก้ว,2,3,นายยงยุทธ คมคาย,ภูมิใจไทย,1823,647,1176,1176
ชลบุรี,4,1,นายลิขิต อัศวจารุวรรณ,เพื่อไทย,2151,987,1164,1164
กรุงเทพมหานคร,31,3,นายสรวิศ วัฒนะโชติ,พรรครวมไทยสร้างชาติ,1888,727,1161,1161
นครราชสีมา,15,9,จ่าสิบตำรวจเฉลิม เทียนขุนทด,พรรคทางเลือกใหม่,126,1283,-1157,1157
นครราชสีมา,15,8,นายชมภู โสมกูล,พรรคเศรษฐกิจ,1283,126,1157,1157
ลพบุรี,3,9,นายพรอนันต์ ไชยชาติ,ประชาธิปัตย์,670,1816,-1146,1146
ขอนแก่น,2,8,นายศุภกร สวรรค์ฑากร,รวมไทยสร้างชาติ,1874,742,1132,1132
สกลนคร,5,9,นางสมร เขียวเชย,ประชาธิปไตยใหม่,76,1177,-1101,1101
นครราชสีมา,4,9,นายเดชรักษา ทัพทวี,ไทยพร้อม,182,1271,-1089,1089
กรุงเทพมหานคร,20,9,นายวรชัย สมบัติเจริญกิจ,พรรคพลวัต,424,1483,-1059,1059
ลำพูน,1,6,นายสุริยา บุญนาคค้า,เสรีรวมไทย,3352,4395,-1043,1043
กรุงเทพมหานคร,28,6,นางสาวทิพย์รัมภา วิธูชุลีโชติ,ไทยก้าวไทย,2071,1033,1038,1038
น่าน,2,8,นายสิริไพศาล แสงประจักษ์,ปวงชนไทย,953,1982,-1029,1029
มหาสารคาม,6,6,นายภาสกร สิทธิหาโคตร,พรรคเศรษฐกิจ,1626,611,1015,1015
กรุงเทพมหานคร,6,8,พลตรีดนัย ดิษาภิรมย์,ไทยสร้างไทย,1306,300,1006,1006
มุกดาหาร,1,8,ร.ต.ต.สมบูรณ์ ยงยุทธ,พรรคประชาธิปไตยใหม่,1149,145,1004,1004
มุกดาหาร,1,9,นายสุนทร มีสิทธิ์,พรรคเพื่อบ้านเมือง,145,1149,-1004,1004
นนทบุรี,7,8,นายปรีชา ฉอสุวรรณชาติ,รวมไทยสร้างชาติ,2686,1683,1003,1003
กรุงเทพมหานคร,31,8,พันโทสาธิต หงษ์ทอง,พรรคเศรษฐกิจ,2889,1888,1001,1001
นครราชสีมา,9,9,นางอรุณวรรณ ชาญสัมพันธ์,ไทยก้าวใหม่,151,1150,-999,999
นครราชสีมา,9,8,นายจอน องกระโทก,เศรษฐกิจ,1150,151,999,999
สุพรรณบุรี,4,4,นายยุทธนา โพธสุธน,กล้าธรรม,2547,1556,991,991
กาฬสินธุ์,2,1,นายจรวย ปู่หลุ่น,พรรคประชาธิปไตยใหม่,165,1154,-989,989
น่าน,2,7,พันโทธีร์วัฒน์ เตชะบุญ,เศรษฐกิจ,1650,667,983,983
น่าน,2,9,นายอดิเรก กองแก้ว,รวมไทยสร้างชาติ,667,1650,-983,983
ศรีสะเกษ,2,5,นายพิทยา บุญเฉลียว,กล้าธรรม,1166,201,965,965
นนทบุรี,6,8,นายคุณากร มั่นนทีรัย,กล้าธรรม,823,1741,-918,918
นนทบุรี,6,7,นายเกริกหิรัญ แปลกประเสริฐ,เศรษฐกิจ,1741,823,918,918
กรุงเทพมหานคร,11,8,นางสาวธนาภา อัครมะหะเวทน์,ประชากรไทย,1108,203,905,905
กรุงเทพมหานคร,11,9,นายธีระเดช นาซีก,กล้าธรรม,203,1108,-905,905
กรุงเทพมหานคร,22,12,นายชณทัต รินน์นพคุณ,กล้าธรรม,253,1130,-877,877
สระบุรี,3,7,นายณัฐพล ศรีบุญจันทร์,รวมไทยสร้างชาติ,1247,371,876,876
นครราชสีมา,5,8,นางสาวพิมนกาลล์ ธีร์ก้านพลูกลาง,พลังประชารัฐ,1171,302,869,869
นครราชสีมา,5,9,นางสาวชวัลลักษณ์ ทองสันเทียะ,ไทยภักดี,302,1171,-869,869
นนทบุรี,4,6,นายนนทพันธ์ อัครเจริญรัตน์,เศรษฐกิจ,1501,646,855,855
นนทบุรี,4,1,นายติณณ์ ธณกรณ์,ทางเลือกใหม่,646,1501,-855,855
ชลบุรี,2,9,นายชัยชนะ อาจวารินทร์,พลังประชารัฐ,279,1131,-852,852
ชลบุรี,2,7,นายภักดี โพธิ์แก้ว,เศรษฐกิจ,1131,281,850,850
กรุงเทพมหานคร,28,2,นางสางมัญดา อัฐจินดา,ภูมิใจไทย,13153,12310,843,843
กาฬสินธุ์,6,8,นายจุฬา ศรีบุตตะ,พลังประชารัฐ,1269,452,817,817
ขอนแก่น,1,9,นายเนติธร ช่วยหาร,ไทยภักดี,557,1366,-809,809
ศรีสะเกษ,5,9,นางสาวนภาพร บุตรสอน,ปวงชนไทย,87,887,-800,800
ศรีสะเกษ,5,8,นายประไพย์ ศรีลาชัย,ประชากรไทย,887,87,800,800
บึงกาฬ,2,9,นายเทพปัญชา ทุมโยมา,ไทยก้าวใหม่,130,929,-799,799
บึงกาฬ,2,8,นางจิรารักษ์ ห้องจำปา,รวมไทยสร้างชาติ,929,130,799,799
กรุงเทพมหานคร,6,14,นายชณทัต ปัทะมะภูวดล,รวมไทยสร้างชาติ,2468,1679,789,789
นครปฐม,2,6,พันตำรวจเอก วีรยศ ชื่นกลิ่นธูปศิริ,เศรษฐกิจ,1573,2330,-757,757
นครปฐม,2,8,นายนุกูล ศิริสุวรรณ์,ประชาธิปัตย์,2330,1573,757,757
กรุงเทพมหานคร,24,8,นายกฤษติศักดิ์ พูลสวัสดิ์,เศรษฐกิจ,2509,1758,751,751
กรุงเทพมหานคร,28,8,นายปิ่น แจ้งชะไว,รักชาติ,1609,870,739,739
กรุงเทพมหานคร,32,8,นายวงศธร โชคภัทรชัยกิจ,เศรษฐกิจ,1429,700,729,729
เพชรบูรณ์,4,9,นายทวีศักดิ์ เชื้อบุญมี,พรรคพร้อม,424,1153,-729,729
กรุงเทพมหานคร,22,9,นายอรรถเวช กองนักวงษ์,ไทยสร้างไทย,786,1491,-705,705
ตรัง,4,6,นายอาณัฐชัย ภู่กลาง,พรรคเพื่อไทย,548,1236,-688,688
ชลบุรี,7,8,นายพีธพงศ์ เสนียุติธรรม,เศรษฐกิจ,2100,1412,688,688
ชลบุรี,7,9,นางสาวภัสพร พรประเสริฐ,รวมไทยสร้างชาติ,1412,2100,-688,688
นนทบุรี,7,7,นายมาณัษฐ์ จตุระบุล,เศรษฐกิจ,1683,1006,677,677
สุราษฎร์ธานี,1,9,นายวัชระ ไชยชำนิ,พรรคทางเลือกใหม่,212,884,-672,672
สุราษฎร์ธานี,1,8,นายศิธา วงศ์วรพรรณ,พรรคเศรษฐกิจ,884,212,672,672
ตรัง,4,7,นายเสถียร แก้วงาม,พรรคกล้าธรรม,1236,571,665,665
ศรีสะเกษ,1,9,นายสุรเดช นาจำปา,กล้าธรรม,222,868,-646,646
สกลนคร,1,8,นายบุญญามี วงค์ศรีดา,ทางเลือกใหม่,739,98,641,641
สกลนคร,1,9,นายอภิวัฒน์ มีชัย,พลังประชารัฐ,98,739,-641,641
กำแพงเพชร,3,1,นางสาวมาลิณี กลางชาติ,เศรษฐกิจ,1157,550,607,607
กำแพงเพชร,3,3,นายอรุโณทัย ชุมเสน,โอกาสใหม่,550,1157,-607,607
ปทุมธานี,2,3,นายนิวัฒน์ บุปผามาโล,พรรคเศรษฐกิจ,1037,438,599,599
กรุงเทพมหานคร,20,5,ว่าที่ร้อยตรีหญิงนุชนาฏ หุ่นอยู่,พรรคไทยสร้างไทย,1018,424,594,594
สุรินทร์,2,8,นายพิเชษฐ์ ภูแก้ว,รวมไทยสร้างชาติ,1064,474,590,590
กรุงเทพมหานคร,12,16,นายพิเชฐ เดชอรัญ,โอกาสใหม่,368,945,-577,577
กรุงเทพมหานคร,28,9,นางสาวนัจภัค กรเกษม,กล้าธรรม,1033,1609,-576,576
กรุงเทพมหานคร,10,1,นายชณธัศน์ เหลืองวัฒนะวุฒิ,เศรษฐกิจ,1437,2012,-575,575
ชัยภูมิ,7,9,นายธีรวุฒิ พงษ์จันทร์,ไทยก้าวใหม่,295,867,-572,572
ชัยภูมิ,7,8,นายอดิเรก ดวงจันนี,ประชาธิปไตยใหม่,867,295,572,572
กรุงเทพมหานคร,13,11,นายฐิติพัฒณ์ จันทร์แก้ว,พรรครักชาติ,1323,1887,-564,564
นครราชสีมา,4,8,นายอุทัย มิ่งขวัญ,กล้าธรรม,745,182,563,563
นครพนม,3,1,นายกิตติศักดิ์ ชมจันทร์,ประชาธิปัตย์,1699,1136,563,563
เพชรบูรณ์,4,8,นายธนภาค บุ้งจันทร์,พรรคเศรษฐกิจ,1153,593,560,560
น่าน,2,4,นายชัยวุฒิ คูอาริยะกุล,พลังประชารัฐ,2332,1784,548,548
น่าน,2,6,นางจรวยพร อินสาคำ,ประชาธิปัตย์,1784,2332,-548,548
สุรินทร์,4,5,นายสนธิ แสงชมภู,เศรษฐกิจ,913,368,545,545
สุราษฎร์ธานี,2,2,นายภูรวิช บูลยะธนิน,รวมไทยสร้างชาติ,470,1012,-542,542
ประจวบคีรีขันธ์,3,1,นางสาววรรณอนงค์ หาญพงษ์ธรรม,ประชาชน,11596,12135,-539,539
ประจวบคีรีขันธ์,3,6,นายปณิธาน ประจวบเหมาะ,ไทยสร้างไทย,12135,11596,539,539
นครสวรรค์,5,6,นายทรงธรรม ขจรชัยธนัง,กล้าธรรม,510,1041,-531,531
นครสวรรค์,5,2,นายณัฐสิทธิ์ เหลือกาฬ,เศรษฐกิจ,1041,510,531,531
บึงกาฬ,3,4,string,มิติใหม่,168,697,-529,529
สุรินทร์,5,9,นายภูมิสิน การะเวก,ประชาธิปัตย์,302,828,-526,526
สุรินทร์,5,6,นายกิติพงษ์ สิทธินาม,แรงงานสร้างชาติ,828,302,526,526
ลพบุรี,2,7,นายปัณณทัต มากผล,พลังประชารัฐ,833,317,516,516
ลพบุรี,2,9,นายธนกฤต หงษ์ยนต์,ปวงชนชาวไทย,317,833,-516,516
สุรินทร์,6,9,นายมานพ พุ่มทอง,ไทยทรัพย์ทวี,224,739,-515,515
สุรินทร์,6,8,นายธนกร ศรีโกตะเพ็ชร,ปวงชนไทย,739,224,515,515
ศรีสะเกษ,9,3,นายพงศ์ภัค มงคลชัยพาณิชย์,พลังประชารัฐ,1069,555,514,514
ชลบุรี,8,9,นายอมรฒิพัฒน์ ภูบาล,ไทยภักดี,690,1181,-491,491
นครราชสีมา,10,6,นายสมชาติ เดชดอน,พรรคกล้าธรรม,1050,560,490,490
ชลบุรี,1,9,นายสันติ ถนอมเนื้อ,ปวงชนไทย,183,673,-490,490
ชลบุรี,1,8,นางรชาภา อัศวธาวาทิน,ไทยสร้างไทย,673,183,490,490
อุบลราชธานี,3,9,นายลำชี มะโนรัตน์,เพื่อบ้านเมือง,259,745,-486,486
นนทบุรี,3,10,นายปัญญา สุขขจีธำรง,ทางเลือกใหม่,957,474,483,483
ชัยภูมิ,5,10,นายศรคม ภาชา,พลังประชารัฐ,233,711,-478,478
ศรีสะเกษ,1,2,นางสาวฉวี ปิ่นหอม,ปวงชนไทย,868,394,474,474
เชียงใหม่,8,7,นางสาวณาญาณนันท์ สุริยา,โอกาสใหม่,3352,3815,-463,463
บึงกาฬ,3,2,string,เพื่อชาติไทย,1342,882,460,460
นครศรีธรรมราช,6,9,นางเกษศิรินทร์ ช่วยศรีทอง,ประชาธิปไตยใหม่,100,520,-420,420
นครศรีธรรมราช,6,8,ว่าที่ ร.ต.อ.วิรัตน์ บุญเชิด,ไทยภักดี,520,100,420,420
ศรีสะเกษ,9,7,นายคัมภีรพจน์ สายเพ็ชร,เศรษฐกิจ,555,137,418,418
อุบลราชธานี,8,8,นายดลเดช แก้วใส,ประชาธิปัตย์,612,194,418,418
อุบลราชธานี,8,9,นางสาวณัฏฐณิชา วันดึก,เพื่อบ้านเมือง,194,612,-418,418
สมุทรสาคร,4,8,ว่าที่ ร.อ.สุประเสริฐ ชาวบ้านเกาะ,พรรคเศรษฐกิจ,1330,1745,-415,415
สมุทรสาคร,4,5,นายอภินันท์ หวันประวัติ,ประชาธิปัตย์,1745,1330,415,415
ชัยภูมิ,5,7,นายวิชัย ปัญญา,ไทยทรัพย์ทวี,646,233,413,413
สุพรรณบุรี,1,9,นายศุภกิจ กลิ่นหอม,พลังประชารัฐ,388,800,-412,412
กรุงเทพมหานคร,28,5,นางสาวธัญญ์ภรณ์ สุจารีรัตน์,เศรษฐกิจ,2236,1831,405,405
กรุงเทพมหานคร,8,8,นางสาวสุวีรา เติมรุ่งเรืองเลิศ,รักชาติ,462,865,-403,403
กรุงเทพมหานคร,32,15,นางสาวปวิตรา จิตตกิจ,ประชาชน,39727,39327,400,400
นครปฐม,5,8,นายภคพล ขาวพัฒนวรรณ,เพื่อบ้านเมือง,675,275,400,400
นครปฐม,5,9,นางลาวัลย์ สิงห์สถิต,โอกาสใหม่,275,675,-400,400
นครราชสีมา,1,8,นายพิชิต เคหะสุวรรณ์,พลังประชารัฐ,757,358,399,399
นครราชสีมา,1,1,นายสาคร ลักษณะสุข,รวมใจไทย,358,757,-399,399
สุพรรณบุรี,4,6,นายสหรัฐ กุลศรี,พลังประชารัฐ,1648,1254,394,394
สุพรรณบุรี,4,8,นายศรัณย์กร โชติวิชญทรรศน์,เศรษฐกิจ,1254,1648,-394,394
นนทบุรี,1,9,นายสุรพันธ์ ไวยากรณ์,พลวัต,791,1184,-393,393
สระแก้ว,3,6,นายพรพล เอกอรรถพร,ประชาธิปัตย์,1937,2324,-387,387
มหาสารคาม,1,2,พันตำรวจเอกชัยสิทธิ์ ภความนตรี,พลังประชารัฐ,890,503,387,387
สระแก้ว,3,5,นายประสิทธิ์ แก้วประสิทธิ์,ภูมิใจไทย,2324,1937,387,387
นครนายก,1,5,นายสำเร็จ ศรีจันทร์,ประชาธิปัตย์,908,1290,-382,382
นครนายก,1,4,พลโท วีรากร ประกอบ,รวมไทยสร้างชาติ,1290,908,382,382
กาฬสินธุ์,2,9,นายอรรถวัฒน์ มณีพันธุ์,พรรคประชาธิปัตย์,1154,1535,-381,381
ชัยภูมิ,5,8,ส.อ.นิติภัส สุภาพงษ์นันทกุล,รวมไทยสร้างชาติ,448,71,377,377
ชัยภูมิ,5,9,นายจงเจริญ เอกทวีกุล,ประชากรไทย,278,646,-368,368
สงขลา,2,9,นายธาราดร พรหมสุทธิ์,พลังประชารัฐ,83,450,-367,367
สงขลา,2,8,นายประกอบ ปลอด,รวมไทยสร้างชาติ,450,83,367,367
กาฬสินธุ์,5,11,นางรัศมี โพธะศรี,เศรษฐกิจ,824,457,367,367
กรุงเทพมหานคร,17,8,นางสาวณัฐิดา เตาเฟ็ส,พรรคไทยก้าวใหม่,1967,1604,363,363
กรุงเทพมหานคร,17,9,นายกรัณ ดรัลพงศ์,พรรครวมไทยสร้าง,1604,1967,-363,363
กรุงเทพมหานคร,23,18,นายฐิติ วิรทัศนุสรณ์,วิชชั่นใหม่,203,563,-360,360
ชลบุรี,8,4,นายนิมิต ไมตรีวงค์,ปวงชนไทย,1043,690,353,353
กรุงเทพมหานคร,20,1,นายหวังจันทร์ ยิ้มวิไล,พรรคโอกาสใหม่,1483,1135,348,348
กาฬสินธุ์,1,2,นางสาวปฐมาภรณ์ มงคลสินธุ์,พรรคประชาธิปัตย์,1045,700,345,345
นนทบุรี,2,8,นางสาวสมบูรณ์วรรณ ตรีสินธุ์ไชย,พลังประชารัฐ,906,563,343,343
นนทบุรี,2,9,นางสาวภควรรณ กุลปัญญาพินิจ,กล้าธรรม,563,906,-343,343
สระแก้ว,1,1,นายอภิวัฒน์ จันแปรน,ประชาธิปัตย์,2661,2999,-338,338
ลพบุรี,3,1,พันเอกสุชาติ คัดสูงเนิน,กล้าธรรม,467,801,-334,334
กรุงเทพมหานคร,25,8,นายธรรมนูญ เทียบขุนทด,พลังประชารัฐ,688,357,331,331
อุบลราชธานี,2,8,นายเจริญชัย คำแฝง,เศรษฐกิจ,1006,677,329,329
อุบลราชธานี,2,9,นางสาวณฐพร บุญประสิทธิ์,ประชาธิปัตย์,677,1006,-329,329
กรุงเทพมหานคร,4,9,นายรุจิระ อัคราพิริยพงศ์,ไทยสร้างไทย,418,739,-321,321
กรุงเทพมหานคร,4,8,ว่าที่ร้อยตรีหญิงปภัสราวรรณ ม่วงไหม,กล้าธรรม,739,418,321,321
ปทุมธานี,7,9,นางสาวศวิตา แสนสวาท,รักชาติ,489,806,-317,317
ปทุมธานี,7,1,นายเอกธนัช เจริญรูป,ไทยก้าวใหม่,806,489,317,317
นครราชสีมา,13,3,นายวิชัย ขอหมั่นกลาง,เพื่อบ้านเมือง,310,0,310,310
นครราชสีมา,13,8,ถูกถอนชื่อ,กล้าธรรม,0,310,-310,310
ปทุมธานี,2,8,นายชัยอนันต์ สิริเบญสานนท์,พรรคกล้าธรรม,727,1037,-310,310
กรุงเทพมหานคร,25,6,นางสาวญาตาวี เซ็นเชาวนิช,พลวัต,980,688,292,292
กรุงเทพมหานคร,6,6,นายอัศวิน อัศวินวิจตร,เศรษฐกิจ,1679,1388,291,291
สุพรรณบุรี,1,6,นายบุญชู จันทร์สุวรรณ,กล้าธรรม,800,511,289,289
ปทุมธานี,2,9,นายสมัย รามัญอุดม,พรรคพลังประชารัฐ,438,727,-289,289
ศรีสะเกษ,4,9,นายวาสิทธิ์ พวงสวัสดิ์,ปวงชนไทย,93,372,-279,279
ศรีสะเกษ,4,8,นายสายัณห์ หล้าบุดดา,ประชากรไทย,372,93,279,279
นครพนม,3,3,นางเกศราพร พูลสวัสดิ์,เศรษฐกิจ,1136,865,271,271
นครพนม,3,5,นายธงชัย พานิชดี,ปวงชนไทย,865,594,271,271
กรุงเทพมหานคร,5,1,นายทนัฏฐ์ ปานโสภณ,พรรคพลวัต,245,507,-262,262
ขอนแก่น,9,1,นายเกียรติศิริกุล ทีนรส,ไทยสร้างไทย,397,654,-257,257
ขอนแก่น,9,8,นายวีระ วิชาธรรม,ไทยภักดี,654,397,257,257
ปทุมธานี,5,9,นายอดิศร แจ้งจันทร์,ไทยก้าวใหม่,930,1185,-255,255
กรุงเทพมหานคร,8,7,นายอนุชาญ กวางทอง,พลังประชารัฐ,857,607,250,250
สระแก้ว,3,7,นางสาวนงรัตน์ จันทะมา,ไทยก้าวใหม่,484,243,241,241
สระแก้ว,3,8,นายพูลศักดิ์ เย็นประสพ,ประชาธิปไตยใหม่,243,484,-241,241
บึงกาฬ,3,8,string,ประชาธิปไตยใหม่,425,666,-241,241
กรุงเทพมหานคร,28,7,นายจักรทิพย์ วงษ์งามสวย,รวมไทยสร้างชาติ,1831,2071,-240,240
กรุงเทพมหานคร,8,10,นางสาววีริสรา ช่วงยรรยง,ปวงชนไทย,224,462,-238,238
ศรีสะเกษ,3,8,นายโดม ศรีศรุติกุล,พรรคประชาธิปไตยใหม่,341,113,228,228
กรุงเทพมหานคร,8,4,นายอนันตชาติ บัวสุวรรณ์,โอกาสใหม่,607,385,222,222
ชัยภูมิ,5,11,นายหนูเสน พรมวงศ์,ทางเลือกใหม่,71,278,-207,207
กรุงเทพมหานคร,32,5,นางสาวไปรพร แสงจันทร์,ไทยก้าวใหม่,700,497,203,203
นนทบุรี,3,6,นายวุฒิบูรณ์ วิ่งวน,กล้าธรรม,1160,957,203,203
มหาสารคาม,6,3,นางสาวธัญลักษณ์ อุทัยจอม,พรรคประชาธิปัตย์,611,419,192,192
อุบลราชธานี,3,8,นายมิตร อนุวรรณ,ทางเลือกใหม่,745,554,191,191
กรุงเทพมหานคร,3,7,นายสุกฤษฎิ์ชัย ธีระเริงฤทธิ์,ไทยก้าวใหม่,665,489,176,176
บึงกาฬ,3,7,string,พลวัต,113,287,-174,174
จันทบุรี,3,2,นายอดุลย์ ศรีภูมิสวัสดิ์,รักชาติ,1030,856,174,174
ศรีสะเกษ,1,6,นายเนียม ผลบุญ,ประชาธิปไตยใหม่,394,222,172,172
กรุงเทพมหานคร,22,10,นายปรนัยน์ นพการุญ,พลวัต,425,253,172,172
กรุงเทพมหานคร,3,5,นายธีระพงษ์ มงคลวัฒนลีลา,พลังประชารัฐ,375,545,-170,170
เพชรบูรณ์,4,3,นายภาณุวัฒน์ หาญเชิงชัย,พรรคประชาธิปัตย์,593,424,169,169
กรุงเทพมหานคร,8,2,นางสาวพิมพ์ณดา ธีระประจักษ์ชาติ,กล้าธรรม,385,224,161,161
เพชรบูรณ์,2,8,นายวงศ์วิศว์ ผลลอย,พลังประชารัฐ,239,88,151,151
เพชรบูรณ์,2,9,นายมนตรี ผลจันทร์,พร้อม,88,239,-151,151
สกลนคร,5,8,นางสาวยุพวรรณ์ สิทธิคงศักดิ์,ประชาธิปัตย์,221,76,145,145
อุดรธานี,5,5,นายหนูพิศ สีดามาตย์,รวมไทยสร้างชาติ,296,436,-140,140
อุดรธานี,5,8,นายองอาจ วิเศษ,พลังประชารัฐ,436,296,140,140
ชลบุรี,8,8,นายชนะศักดิ์ รุ่งเสถียร,เสรีรวมไทย,1181,1043,138,138
ชลบุรี,4,4,นายศุภศิษฎ์ สรภัสจิรพงศ์,พลังประชารัฐ,987,850,137,137
กรุงเทพมหานคร,14,8,นายปรีชาชัย พิพรรธน์ธนาดุล,รวมไทยสร้างชาติ,1333,1199,134,134
ร้อยเอ็ด,6,1,นายพิชัย น้ำกระจาย,กล้าธรรม,620,752,-132,132
ร้อยเอ็ด,6,8,นายกันตภณ โชคกลางเดือน,รวมไทยสร้างชาติ,752,620,132,132
ลำปาง,3,8,นายวิชัย หมื่นประจักร์,ประชากรไทย,1705,1836,-131,131
ลำปาง,3,9,นายธนภัทร ศรีปินตา,ประชาธิปัตย์,1836,1705,131,131
สกลนคร,5,7,นายธีระชัย โสนาเรือ,พลวัต,351,221,130,130
เชียงราย,6,5,นายบัณฑิต สุรินเปา,ไทยก้าวหน้า,429,301,128,128
เชียงราย,6,8,นางภัทรวัลย์ ผลไพบูลย์,พลวัต,301,429,-128,128
มหาสารคาม,6,7,นายบุรินทร์ นามโร,พรรคกล้าธรรม,419,292,127,127
มหาสารคาม,6,8,นายจักริน แดนสมปัดสา,พรรคไทยก้าวใหม่,227,103,124,124
นครศรีธรรมราช,5,8,นายมนัส พรหมเพศ,เศรษฐกิจ,384,263,121,121
นครศรีธรรมราช,5,9,ว่าที่ ร.ต.อภิรัฐ รัตนพันธุ์,ไทยก้าวใหม่,263,384,-121,121
ศรีสะเกษ,2,8,นายสุรมิตร ศรีสุรักษ์,ประชาธิปไตยใหม่,201,81,120,120
กรุงเทพมหานคร,20,6,นายพงศ์ปณตพล รักสกุลกานต์,พรรคไทยก้าวใหม่,1135,1018,117,117
นนทบุรี,8,9,นายมนูญ พรหมลักษณ์,พลังประชารัฐ,852,969,-117,117
นนทบุรี,8,6,นายณัฐชโนดม แห่งวงศ์งาม,ประชากรไทย,969,852,117,117
กรุงเทพมหานคร,3,8,นายณัฐฎ์ รุ่งเรือง,วิชชั่นใหม่,489,375,114,114
สุรินทร์,8,6,นายไพบูลย์ ศิริมา,ประชาธิปัตย์,408,521,-113,113
สุรินทร์,8,7,นายบัณฑิต ศิลาอ่อน,รวมไทยสร้างชาติ,521,408,113,113
ลำปาง,4,1,นางสาวสรินทิพย์ วงศ์วรกุลกิจ,ประชาธิปัตย์,1548,1435,113,113
สุพรรณบุรี,4,7,ว่าที่ร้อยตำรวจโท ชินทัต อุบลแย้ม,ประชาธิปัตย์,1556,1659,-103,103
เชียงราย,5,3,นายนาวิน วังแปง,ประชาชน,17405,17505,-100,100
กรุงเทพมหานคร,33,1,นายสุไพรพล เพ็ญแข,เพื่อไทย,7451,7551,-100,100
ภูเก็ต,1,3,ว่าที่ร้อยตรีสมชาติ เตชถาวรเจริญ,ประชาชน,19458,19558,-100,100
สุโขทัย,3,1,นางสาวประภาพร ทองปากน้ำ,เพื่อไทย,47416,47516,-100,100
กรุงเทพมหานคร,23,16,นายวรเมธ หวลหอม,ไทยภักดี,563,464,99,99
สุพรรณบุรี,1,3,นายอัฒพล สถิตสวรรยา,ไทยภักดี,485,388,97,97
ตาก,3,1,นายเทวฤทธิ์ เชี่ยวชาญคีรี,ประชาธิปัตย์,1484,1393,91,91
กรุงเทพมหานคร,23,10,นายกิตติธัช อยู่ดี,พลวัต,290,203,87,87
อำนาจเจริญ,1,1,นายโสนิ สุวรรณี,เพื่อบ้านเมือง,1154,1072,82,82
อำนาจเจริญ,1,9,นายศักดิ์ดา จันเทวา,พลังประชารัฐ,1072,1154,-82,82
กรุงเทพมหานคร,6,9,นายอิง อิงคตานุวัฒน์,ไทยภักดี,1388,1306,82,82
พัทลุง,3,8,ร้อยตรีพงศภัค จุลพันธ์,เศรษฐกิจ,453,379,74,74
พัทลุง,3,9,นายปิยะวุฒิ เคว็จดำ,ไทยก้าวใหม่,379,453,-74,74
มหาสารคาม,6,5,นายวรเวช ศิริประเสริฐศรี,พรรครวมไทยสร้างชาติ,292,227,65,65
ชลบุรี,5,1,นายทรงศักดิ์ แซ่ลี้,รวมไทยสร้างชาติ,917,855,62,62
กรุงเทพมหานคร,12,3,นางสาวณัฏฐามณี คณโชติพิพัฒน์,ประชาธิปไตยใหม่,430,368,62,62
อุตรดิตถ์,2,1,นายภิศิษฐ์ วงศ์ทอง,พรรคประชาชน,15595,15545,50,50
นราธิวาส,2,2,นายอามินทร์ มะยูโต๊ะ,กล้าธรรม,43594,43544,50,50
นครสวรรค์,6,8,นางสุริวัสสา เพชรสวัสดิ์,ประชาธิปไตยใหม่,123,78,45,45
ศรีสะเกษ,5,3,นายบุญเลี้ยง สว่างภพ,กล้าธรรม,619,652,-33,33
ศรีสะเกษ,5,1,นายสวัสดิ์ โพธิสาร,ประชาธิปัตย์,652,619,33,33
กาฬสินธุ์,6,1,นายณัฏฐพงศ์ โพธะศรี,เศรษฐกิจ,452,425,27,27
สุพรรณบุรี,1,8,นางสาวสุรภี สถิตสวรรยา,พลวัต,511,485,26,26
กรุงเทพมหานคร,31,5,นางสาวฐาปนี โปร่งรัศมี,พรรคไทยก้าวใหม่,727,702,25,25
ตรัง,4,3,นายสุมิตร สามห้วย,พรรคไทยก้าวใหม่,571,548,23,23
หนองคาย,2,6,นายจักรภัทร สายไธสง,ประชากรไทย,217,194,23,23
กรุงเทพมหานคร,22,14,นายปรีชา เอี่ยมอ่อน,โอกาสใหม่,182,205,-23,23
กรุงเทพมหานคร,22,13,นายวราทิตย์ ตะโกจีน,วิชชั่นใหม่,205,182,23,23
หนองคาย,2,7,นางราตรี กาลจักร์,ประชาธิปไตยใหม่,194,217,-23,23
กรุงเทพมหานคร,21,11,นายพีรพัฒน์ สุทัศนทรวง,ไทยภักดี,847,827,20,20
กรุงเทพมหานคร,21,15,ว่าที่ร้อยเอกวีรพล วงษ์มะเซาะ,ไทยสร้างไทย,475,495,-20,20
กรุงเทพมหานคร,12,5,นางสาวปราณิสา สุดวิเศษ,พลวัต,452,434,18,18
กรุงเทพมหานคร,18,3,นายฟาวาดคาน เที่ยงธรรม,รักชาติ,372,359,13,13
สุรินทร์,2,4,นายวิทยา แก้วเหลี่ยม,ประชาธิปไตยใหม่,474,463,11,11
กรุงเทพมหานคร,8,6,นายพงศ์ฐิติ พงศ์ศิลามณี,ไทยภักดี,864,857,7,7
นครสวรรค์,2,5,นายทรงศักดิ์ ส่งเสริมอุดมชัย,เพื่อไทย,28624,28620,4,4
กรุงเทพมหานคร,8,3,นายชญาพัฒน์ โปร่งปรีชา,ไทยก้าวใหม่,865,864,1,1
